Exchange,Index,Symbol_File,Date,Open,High,Low,Close
NSE,NIFTY100_ESG,NIFTY100_ESG_2017-01-01_to_2017-12-31,2017-01-02,-,-,-,1489.06
NSE,NIFTY100_ESG,NIFTY100_ESG_2017-01-01_to_2017-12-31,2017-01-03,-,-,-,1491.74
NSE,NIFTY100_ESG,NIFTY100_ESG_2017-01-01_to_2017-12-31,2017-01-04,-,-,-,1489.79
NSE,NIFTY100_ESG,NIFTY100_ESG_2017-01-01_to_2017-12-31,2017-01-05,-,-,-,1506.04
NSE,NIFTY100_ESG,NIFTY100_ESG_2017-01-01_to_2017-12-31,2017-01-06,-,-,-,1502.12
NSE,NIFTY100_ESG,NIFTY100_ESG_2017-01-01_to_2017-12-31,2017-01-09,-,-,-,1499.93
NSE,NIFTY100_ESG,NIFTY100_ESG_2017-01-01_to_2017-12-31,2017-01-10,-,-,-,1510.5
NSE,NIFTY100_ESG,NIFTY100_ESG_2017-01-01_to_2017-12-31,2017-01-11,-,-,-,1529.48
NSE,NIFTY100_ESG,NIFTY100_ESG_2017-01-01_to_2017-12-31,2017-01-12,-,-,-,1534.55
NSE,NIFTY100_ESG,NIFTY100_ESG_2017-01-01_to_2017-12-31,2017-01-13,-,-,-,1531.57
NSE,NIFTY100_ESG,NIFTY100_ESG_2017-01-01_to_2017-12-31,2017-01-16,-,-,-,1534.11
NSE,NIFTY100_ESG,NIFTY100_ESG_2017-01-01_to_2017-12-31,2017-01-17,-,-,-,1529.49
NSE,NIFTY100_ESG,NIFTY100_ESG_2017-01-01_to_2017-12-31,2017-01-18,-,-,-,1535.2
NSE,NIFTY100_ESG,NIFTY100_ESG_2017-01-01_to_2017-12-31,2017-01-19,-,-,-,1536.37
NSE,NIFTY100_ESG,NIFTY100_ESG_2017-01-01_to_2017-12-31,2017-01-20,-,-,-,1519.71
NSE,NIFTY100_ESG,NIFTY100_ESG_2017-01-01_to_2017-12-31,2017-01-23,-,-,-,1526.37
NSE,NIFTY100_ESG,NIFTY100_ESG_2017-01-01_to_2017-12-31,2017-01-24,-,-,-,1541.12
NSE,NIFTY100_ESG,NIFTY100_ESG_2017-01-01_to_2017-12-31,2017-01-25,-,-,-,1562.38
NSE,NIFTY100_ESG,NIFTY100_ESG_2017-01-01_to_2017-12-31,2017-01-27,-,-,-,1569.43
NSE,NIFTY100_ESG,NIFTY100_ESG_2017-01-01_to_2017-12-31,2017-01-30,-,-,-,1570.05
NSE,NIFTY100_ESG,NIFTY100_ESG_2017-01-01_to_2017-12-31,2017-01-31,-,-,-,1555.37
NSE,NIFTY100_ESG,NIFTY100_ESG_2017-01-01_to_2017-12-31,2017-02-01,-,-,-,1577.76
NSE,NIFTY100_ESG,NIFTY100_ESG_2017-01-01_to_2017-12-31,2017-02-02,-,-,-,1578.89
NSE,NIFTY100_ESG,NIFTY100_ESG_2017-01-01_to_2017-12-31,2017-02-03,-,-,-,1581.4
NSE,NIFTY100_ESG,NIFTY100_ESG_2017-01-01_to_2017-12-31,2017-02-06,-,-,-,1591.79
NSE,NIFTY100_ESG,NIFTY100_ESG_2017-01-01_to_2017-12-31,2017-02-07,-,-,-,1585.4
NSE,NIFTY100_ESG,NIFTY100_ESG_2017-01-01_to_2017-12-31,2017-02-08,-,-,-,1588.02
NSE,NIFTY100_ESG,NIFTY100_ESG_2017-01-01_to_2017-12-31,2017-02-09,-,-,-,1590.37
NSE,NIFTY100_ESG,NIFTY100_ESG_2017-01-01_to_2017-12-31,2017-02-10,-,-,-,1593.83
NSE,NIFTY100_ESG,NIFTY100_ESG_2017-01-01_to_2017-12-31,2017-02-13,-,-,-,1599.56
NSE,NIFTY100_ESG,NIFTY100_ESG_2017-01-01_to_2017-12-31,2017-02-14,-,-,-,1594.69
NSE,NIFTY100_ESG,NIFTY100_ESG_2017-01-01_to_2017-12-31,2017-02-15,-,-,-,1580.08
NSE,NIFTY100_ESG,NIFTY100_ESG_2017-01-01_to_2017-12-31,2017-02-16,-,-,-,1595.54
NSE,NIFTY100_ESG,NIFTY100_ESG_2017-01-01_to_2017-12-31,2017-02-17,-,-,-,1603.09
NSE,NIFTY100_ESG,NIFTY100_ESG_2017-01-01_to_2017-12-31,2017-02-20,-,-,-,1613.15
NSE,NIFTY100_ESG,NIFTY100_ESG_2017-01-01_to_2017-12-31,2017-02-21,-,-,-,1621.3
NSE,NIFTY100_ESG,NIFTY100_ESG_2017-01-01_to_2017-12-31,2017-02-22,-,-,-,1627.37
NSE,NIFTY100_ESG,NIFTY100_ESG_2017-01-01_to_2017-12-31,2017-02-23,-,-,-,1628.69
NSE,NIFTY100_ESG,NIFTY100_ESG_2017-01-01_to_2017-12-31,2017-02-27,-,-,-,1625.09
NSE,NIFTY100_ESG,NIFTY100_ESG_2017-01-01_to_2017-12-31,2017-02-28,-,-,-,1625.8
NSE,NIFTY100_ESG,NIFTY100_ESG_2017-01-01_to_2017-12-31,2017-03-01,-,-,-,1636.54
NSE,NIFTY100_ESG,NIFTY100_ESG_2017-01-01_to_2017-12-31,2017-03-02,-,-,-,1626.38
NSE,NIFTY100_ESG,NIFTY100_ESG_2017-01-01_to_2017-12-31,2017-03-03,-,-,-,1628.63
NSE,NIFTY100_ESG,NIFTY100_ESG_2017-01-01_to_2017-12-31,2017-03-06,-,-,-,1641.23
NSE,NIFTY100_ESG,NIFTY100_ESG_2017-01-01_to_2017-12-31,2017-03-07,-,-,-,1637.21
NSE,NIFTY100_ESG,NIFTY100_ESG_2017-01-01_to_2017-12-31,2017-03-08,-,-,-,1633.02
NSE,NIFTY100_ESG,NIFTY100_ESG_2017-01-01_to_2017-12-31,2017-03-09,-,-,-,1631.88
NSE,NIFTY100_ESG,NIFTY100_ESG_2017-01-01_to_2017-12-31,2017-03-10,-,-,-,1634.58
NSE,NIFTY100_ESG,NIFTY100_ESG_2017-01-01_to_2017-12-31,2017-03-14,-,-,-,1662.13
NSE,NIFTY100_ESG,NIFTY100_ESG_2017-01-01_to_2017-12-31,2017-03-15,-,-,-,1662.2
NSE,NIFTY100_ESG,NIFTY100_ESG_2017-01-01_to_2017-12-31,2017-03-16,-,-,-,1676.05
NSE,NIFTY100_ESG,NIFTY100_ESG_2017-01-01_to_2017-12-31,2017-03-17,-,-,-,1672.08
NSE,NIFTY100_ESG,NIFTY100_ESG_2017-01-01_to_2017-12-31,2017-03-20,-,-,-,1664.84
NSE,NIFTY100_ESG,NIFTY100_ESG_2017-01-01_to_2017-12-31,2017-03-21,-,-,-,1658.96
NSE,NIFTY100_ESG,NIFTY100_ESG_2017-01-01_to_2017-12-31,2017-03-22,-,-,-,1645.39
NSE,NIFTY100_ESG,NIFTY100_ESG_2017-01-01_to_2017-12-31,2017-03-23,-,-,-,1658.75
NSE,NIFTY100_ESG,NIFTY100_ESG_2017-01-01_to_2017-12-31,2017-03-24,-,-,-,1661.15
NSE,NIFTY100_ESG,NIFTY100_ESG_2017-01-01_to_2017-12-31,2017-03-27,-,-,-,1648.43
NSE,NIFTY100_ESG,NIFTY100_ESG_2017-01-01_to_2017-12-31,2017-03-28,-,-,-,1659.28
NSE,NIFTY100_ESG,NIFTY100_ESG_2017-01-01_to_2017-12-31,2017-03-29,-,-,-,1665.54
NSE,NIFTY100_ESG,NIFTY100_ESG_2017-01-01_to_2017-12-31,2017-03-30,-,-,-,1671.7
NSE,NIFTY100_ESG,NIFTY100_ESG_2017-01-01_to_2017-12-31,2017-03-31,-,-,-,1676.41
NSE,NIFTY100_ESG,NIFTY100_ESG_2017-01-01_to_2017-12-31,2017-04-03,-,-,-,1689.34
NSE,NIFTY100_ESG,NIFTY100_ESG_2017-01-01_to_2017-12-31,2017-04-05,-,-,-,1698.89
NSE,NIFTY100_ESG,NIFTY100_ESG_2017-01-01_to_2017-12-31,2017-04-06,-,-,-,1702.06
NSE,NIFTY100_ESG,NIFTY100_ESG_2017-01-01_to_2017-12-31,2017-04-07,-,-,-,1691.12
NSE,NIFTY100_ESG,NIFTY100_ESG_2017-01-01_to_2017-12-31,2017-04-10,-,-,-,1689.68
NSE,NIFTY100_ESG,NIFTY100_ESG_2017-01-01_to_2017-12-31,2017-04-11,-,-,-,1696.29
NSE,NIFTY100_ESG,NIFTY100_ESG_2017-01-01_to_2017-12-31,2017-04-12,-,-,-,1691.18
NSE,NIFTY100_ESG,NIFTY100_ESG_2017-01-01_to_2017-12-31,2017-04-13,-,-,-,1682.48
NSE,NIFTY100_ESG,NIFTY100_ESG_2017-01-01_to_2017-12-31,2017-04-17,-,-,-,1680.28
NSE,NIFTY100_ESG,NIFTY100_ESG_2017-01-01_to_2017-12-31,2017-04-18,-,-,-,1671.23
NSE,NIFTY100_ESG,NIFTY100_ESG_2017-01-01_to_2017-12-31,2017-04-19,-,-,-,1671.15
NSE,NIFTY100_ESG,NIFTY100_ESG_2017-01-01_to_2017-12-31,2017-04-20,-,-,-,1675.12
NSE,NIFTY100_ESG,NIFTY100_ESG_2017-01-01_to_2017-12-31,2017-04-21,-,-,-,1675.81
NSE,NIFTY100_ESG,NIFTY100_ESG_2017-01-01_to_2017-12-31,2017-04-24,-,-,-,1692.42
NSE,NIFTY100_ESG,NIFTY100_ESG_2017-01-01_to_2017-12-31,2017-04-25,-,-,-,1710.26
NSE,NIFTY100_ESG,NIFTY100_ESG_2017-01-01_to_2017-12-31,2017-04-26,-,-,-,1715.7
NSE,NIFTY100_ESG,NIFTY100_ESG_2017-01-01_to_2017-12-31,2017-04-27,-,-,-,1717.69
NSE,NIFTY100_ESG,NIFTY100_ESG_2017-01-01_to_2017-12-31,2017-04-28,-,-,-,1708.64
NSE,NIFTY100_ESG,NIFTY100_ESG_2017-01-01_to_2017-12-31,2017-05-02,-,-,-,1707.84
NSE,NIFTY100_ESG,NIFTY100_ESG_2017-01-01_to_2017-12-31,2017-05-03,-,-,-,1709.31
NSE,NIFTY100_ESG,NIFTY100_ESG_2017-01-01_to_2017-12-31,2017-05-04,-,-,-,1712.2
NSE,NIFTY100_ESG,NIFTY100_ESG_2017-01-01_to_2017-12-31,2017-05-05,-,-,-,1696.6
NSE,NIFTY100_ESG,NIFTY100_ESG_2017-01-01_to_2017-12-31,2017-05-08,-,-,-,1702.72
NSE,NIFTY100_ESG,NIFTY100_ESG_2017-01-01_to_2017-12-31,2017-05-09,-,-,-,1706.91
NSE,NIFTY100_ESG,NIFTY100_ESG_2017-01-01_to_2017-12-31,2017-05-10,-,-,-,1726.71
NSE,NIFTY100_ESG,NIFTY100_ESG_2017-01-01_to_2017-12-31,2017-05-11,-,-,-,1726.44
NSE,NIFTY100_ESG,NIFTY100_ESG_2017-01-01_to_2017-12-31,2017-05-12,-,-,-,1720.25
NSE,NIFTY100_ESG,NIFTY100_ESG_2017-01-01_to_2017-12-31,2017-05-15,-,-,-,1726.36
NSE,NIFTY100_ESG,NIFTY100_ESG_2017-01-01_to_2017-12-31,2017-05-16,-,-,-,1735.93
NSE,NIFTY100_ESG,NIFTY100_ESG_2017-01-01_to_2017-12-31,2017-05-17,-,-,-,1737.28
NSE,NIFTY100_ESG,NIFTY100_ESG_2017-01-01_to_2017-12-31,2017-05-18,-,-,-,1716.52
NSE,NIFTY100_ESG,NIFTY100_ESG_2017-01-01_to_2017-12-31,2017-05-19,-,-,-,1713.45
NSE,NIFTY100_ESG,NIFTY100_ESG_2017-01-01_to_2017-12-31,2017-05-22,-,-,-,1708.64
NSE,NIFTY100_ESG,NIFTY100_ESG_2017-01-01_to_2017-12-31,2017-05-23,-,-,-,1699.16
NSE,NIFTY100_ESG,NIFTY100_ESG_2017-01-01_to_2017-12-31,2017-05-24,-,-,-,1691.72
NSE,NIFTY100_ESG,NIFTY100_ESG_2017-01-01_to_2017-12-31,2017-05-25,-,-,-,1717.67
NSE,NIFTY100_ESG,NIFTY100_ESG_2017-01-01_to_2017-12-31,2017-05-26,-,-,-,1734.02
NSE,NIFTY100_ESG,NIFTY100_ESG_2017-01-01_to_2017-12-31,2017-05-29,-,-,-,1732.5
NSE,NIFTY100_ESG,NIFTY100_ESG_2017-01-01_to_2017-12-31,2017-05-30,-,-,-,1736.96
NSE,NIFTY100_ESG,NIFTY100_ESG_2017-01-01_to_2017-12-31,2017-05-31,-,-,-,1736.66
NSE,NIFTY100_ESG,NIFTY100_ESG_2017-01-01_to_2017-12-31,2017-06-01,-,-,-,1738.72
NSE,NIFTY100_ESG,NIFTY100_ESG_2017-01-01_to_2017-12-31,2017-06-02,-,-,-,1744.49
NSE,NIFTY100_ESG,NIFTY100_ESG_2017-01-01_to_2017-12-31,2017-06-05,-,-,-,1752.35
NSE,NIFTY100_ESG,NIFTY100_ESG_2017-01-01_to_2017-12-31,2017-06-06,-,-,-,1746.2
NSE,NIFTY100_ESG,NIFTY100_ESG_2017-01-01_to_2017-12-31,2017-06-07,-,-,-,1751.15
NSE,NIFTY100_ESG,NIFTY100_ESG_2017-01-01_to_2017-12-31,2017-06-08,-,-,-,1748.76
NSE,NIFTY100_ESG,NIFTY100_ESG_2017-01-01_to_2017-12-31,2017-06-09,-,-,-,1753.2
NSE,NIFTY100_ESG,NIFTY100_ESG_2017-01-01_to_2017-12-31,2017-06-12,-,-,-,1745.02
NSE,NIFTY100_ESG,NIFTY100_ESG_2017-01-01_to_2017-12-31,2017-06-13,-,-,-,1743.1
NSE,NIFTY100_ESG,NIFTY100_ESG_2017-01-01_to_2017-12-31,2017-06-14,-,-,-,1746.71
NSE,NIFTY100_ESG,NIFTY100_ESG_2017-01-01_to_2017-12-31,2017-06-15,-,-,-,1740.11
NSE,NIFTY100_ESG,NIFTY100_ESG_2017-01-01_to_2017-12-31,2017-06-16,-,-,-,1739.97
NSE,NIFTY100_ESG,NIFTY100_ESG_2017-01-01_to_2017-12-31,2017-06-19,-,-,-,1749.98
NSE,NIFTY100_ESG,NIFTY100_ESG_2017-01-01_to_2017-12-31,2017-06-20,-,-,-,1752.4
NSE,NIFTY100_ESG,NIFTY100_ESG_2017-01-01_to_2017-12-31,2017-06-21,-,-,-,1750.69
NSE,NIFTY100_ESG,NIFTY100_ESG_2017-01-01_to_2017-12-31,2017-06-22,-,-,-,1748.79
NSE,NIFTY100_ESG,NIFTY100_ESG_2017-01-01_to_2017-12-31,2017-06-23,-,-,-,1737.11
NSE,NIFTY100_ESG,NIFTY100_ESG_2017-01-01_to_2017-12-31,2017-06-27,-,-,-,1724.81
NSE,NIFTY100_ESG,NIFTY100_ESG_2017-01-01_to_2017-12-31,2017-06-28,-,-,-,1721.88
NSE,NIFTY100_ESG,NIFTY100_ESG_2017-01-01_to_2017-12-31,2017-06-29,-,-,-,1721.82
NSE,NIFTY100_ESG,NIFTY100_ESG_2017-01-01_to_2017-12-31,2017-06-30,-,-,-,1723.53
NSE,NIFTY100_ESG,NIFTY100_ESG_2017-01-01_to_2017-12-31,2017-07-03,-,-,-,1734.97
NSE,NIFTY100_ESG,NIFTY100_ESG_2017-01-01_to_2017-12-31,2017-07-04,-,-,-,1736.38
NSE,NIFTY100_ESG,NIFTY100_ESG_2017-01-01_to_2017-12-31,2017-07-05,-,-,-,1745.87
NSE,NIFTY100_ESG,NIFTY100_ESG_2017-01-01_to_2017-12-31,2017-07-06,-,-,-,1749.53
NSE,NIFTY100_ESG,NIFTY100_ESG_2017-01-01_to_2017-12-31,2017-07-07,-,-,-,1753.01
NSE,NIFTY100_ESG,NIFTY100_ESG_2017-01-01_to_2017-12-31,2017-07-10,-,-,-,1772.82
NSE,NIFTY100_ESG,NIFTY100_ESG_2017-01-01_to_2017-12-31,2017-07-11,-,-,-,1775.77
NSE,NIFTY100_ESG,NIFTY100_ESG_2017-01-01_to_2017-12-31,2017-07-12,-,-,-,1782.97
NSE,NIFTY100_ESG,NIFTY100_ESG_2017-01-01_to_2017-12-31,2017-07-13,-,-,-,1795.2
NSE,NIFTY100_ESG,NIFTY100_ESG_2017-01-01_to_2017-12-31,2017-07-14,-,-,-,1794.34
NSE,NIFTY100_ESG,NIFTY100_ESG_2017-01-01_to_2017-12-31,2017-07-17,-,-,-,1803.85
NSE,NIFTY100_ESG,NIFTY100_ESG_2017-01-01_to_2017-12-31,2017-07-18,-,-,-,1802.32
NSE,NIFTY100_ESG,NIFTY100_ESG_2017-01-01_to_2017-12-31,2017-07-19,-,-,-,1815.78
NSE,NIFTY100_ESG,NIFTY100_ESG_2017-01-01_to_2017-12-31,2017-07-20,-,-,-,1811.36
NSE,NIFTY100_ESG,NIFTY100_ESG_2017-01-01_to_2017-12-31,2017-07-21,-,-,-,1822.79
NSE,NIFTY100_ESG,NIFTY100_ESG_2017-01-01_to_2017-12-31,2017-07-24,-,-,-,1831.09
NSE,NIFTY100_ESG,NIFTY100_ESG_2017-01-01_to_2017-12-31,2017-07-25,-,-,-,1831.53
NSE,NIFTY100_ESG,NIFTY100_ESG_2017-01-01_to_2017-12-31,2017-07-26,-,-,-,1842.56
NSE,NIFTY100_ESG,NIFTY100_ESG_2017-01-01_to_2017-12-31,2017-07-27,-,-,-,1841.34
NSE,NIFTY100_ESG,NIFTY100_ESG_2017-01-01_to_2017-12-31,2017-07-28,-,-,-,1841.37
NSE,NIFTY100_ESG,NIFTY100_ESG_2017-01-01_to_2017-12-31,2017-07-31,-,-,-,1853.31
NSE,NIFTY100_ESG,NIFTY100_ESG_2017-01-01_to_2017-12-31,2017-08-01,-,-,-,1858.63
NSE,NIFTY100_ESG,NIFTY100_ESG_2017-01-01_to_2017-12-31,2017-08-02,-,-,-,1853.31
NSE,NIFTY100_ESG,NIFTY100_ESG_2017-01-01_to_2017-12-31,2017-08-03,-,-,-,1845.03
NSE,NIFTY100_ESG,NIFTY100_ESG_2017-01-01_to_2017-12-31,2017-08-04,-,-,-,1855.09
NSE,NIFTY100_ESG,NIFTY100_ESG_2017-01-01_to_2017-12-31,2017-08-07,-,-,-,1853.89
NSE,NIFTY100_ESG,NIFTY100_ESG_2017-01-01_to_2017-12-31,2017-08-08,-,-,-,1838.97
NSE,NIFTY100_ESG,NIFTY100_ESG_2017-01-01_to_2017-12-31,2017-08-09,-,-,-,1822.84
NSE,NIFTY100_ESG,NIFTY100_ESG_2017-01-01_to_2017-12-31,2017-08-10,-,-,-,1802.83
NSE,NIFTY100_ESG,NIFTY100_ESG_2017-01-01_to_2017-12-31,2017-08-11,-,-,-,1786.6
NSE,NIFTY100_ESG,NIFTY100_ESG_2017-01-01_to_2017-12-31,2017-08-14,-,-,-,1804.83
NSE,NIFTY100_ESG,NIFTY100_ESG_2017-01-01_to_2017-12-31,2017-08-16,-,-,-,1820.71
NSE,NIFTY100_ESG,NIFTY100_ESG_2017-01-01_to_2017-12-31,2017-08-17,-,-,-,1820.54
NSE,NIFTY100_ESG,NIFTY100_ESG_2017-01-01_to_2017-12-31,2017-08-18,-,-,-,1808.08
NSE,NIFTY100_ESG,NIFTY100_ESG_2017-01-01_to_2017-12-31,2017-08-21,-,-,-,1791.12
NSE,NIFTY100_ESG,NIFTY100_ESG_2017-01-01_to_2017-12-31,2017-08-22,-,-,-,1792.01
NSE,NIFTY100_ESG,NIFTY100_ESG_2017-01-01_to_2017-12-31,2017-08-23,-,-,-,1807.86
NSE,NIFTY100_ESG,NIFTY100_ESG_2017-01-01_to_2017-12-31,2017-08-24,-,-,-,1812.34
NSE,NIFTY100_ESG,NIFTY100_ESG_2017-01-01_to_2017-12-31,2017-08-28,-,-,-,1824.15
NSE,NIFTY100_ESG,NIFTY100_ESG_2017-01-01_to_2017-12-31,2017-08-29,-,-,-,1802.7
NSE,NIFTY100_ESG,NIFTY100_ESG_2017-01-01_to_2017-12-31,2017-08-30,-,-,-,1821.24
NSE,NIFTY100_ESG,NIFTY100_ESG_2017-01-01_to_2017-12-31,2017-08-31,-,-,-,1825.89
NSE,NIFTY100_ESG,NIFTY100_ESG_2017-01-01_to_2017-12-31,2017-09-01,-,-,-,1837.89
NSE,NIFTY100_ESG,NIFTY100_ESG_2017-01-01_to_2017-12-31,2017-09-04,-,-,-,1823.71
NSE,NIFTY100_ESG,NIFTY100_ESG_2017-01-01_to_2017-12-31,2017-09-05,-,-,-,1833.11
NSE,NIFTY100_ESG,NIFTY100_ESG_2017-01-01_to_2017-12-31,2017-09-06,-,-,-,1830.33
NSE,NIFTY100_ESG,NIFTY100_ESG_2017-01-01_to_2017-12-31,2017-09-07,-,-,-,1834.72
NSE,NIFTY100_ESG,NIFTY100_ESG_2017-01-01_to_2017-12-31,2017-09-08,-,-,-,1832.18
NSE,NIFTY100_ESG,NIFTY100_ESG_2017-01-01_to_2017-12-31,2017-09-11,-,-,-,1845.53
NSE,NIFTY100_ESG,NIFTY100_ESG_2017-01-01_to_2017-12-31,2017-09-12,-,-,-,1863.71
NSE,NIFTY100_ESG,NIFTY100_ESG_2017-01-01_to_2017-12-31,2017-09-13,-,-,-,1865.3
NSE,NIFTY100_ESG,NIFTY100_ESG_2017-01-01_to_2017-12-31,2017-09-14,-,-,-,1868.55
NSE,NIFTY100_ESG,NIFTY100_ESG_2017-01-01_to_2017-12-31,2017-09-15,-,-,-,1867.62
NSE,NIFTY100_ESG,NIFTY100_ESG_2017-01-01_to_2017-12-31,2017-09-18,-,-,-,1880.87
NSE,NIFTY100_ESG,NIFTY100_ESG_2017-01-01_to_2017-12-31,2017-09-19,-,-,-,1880.82
NSE,NIFTY100_ESG,NIFTY100_ESG_2017-01-01_to_2017-12-31,2017-09-20,-,-,-,1878.81
NSE,NIFTY100_ESG,NIFTY100_ESG_2017-01-01_to_2017-12-31,2017-09-21,-,-,-,1875.81
NSE,NIFTY100_ESG,NIFTY100_ESG_2017-01-01_to_2017-12-31,2017-09-22,-,-,-,1840.93
NSE,NIFTY100_ESG,NIFTY100_ESG_2017-01-01_to_2017-12-31,2017-09-25,-,-,-,1824.92
NSE,NIFTY100_ESG,NIFTY100_ESG_2017-01-01_to_2017-12-31,2017-09-26,-,-,-,1822.68
NSE,NIFTY100_ESG,NIFTY100_ESG_2017-01-01_to_2017-12-31,2017-09-27,-,-,-,1796.5
NSE,NIFTY100_ESG,NIFTY100_ESG_2017-01-01_to_2017-12-31,2017-09-28,-,-,-,1798.68
NSE,NIFTY100_ESG,NIFTY100_ESG_2017-01-01_to_2017-12-31,2017-09-29,-,-,-,1802.58
NSE,NIFTY100_ESG,NIFTY100_ESG_2017-01-01_to_2017-12-31,2017-10-03,-,-,-,1817.0
NSE,NIFTY100_ESG,NIFTY100_ESG_2017-01-01_to_2017-12-31,2017-10-04,-,-,-,1828.1
NSE,NIFTY100_ESG,NIFTY100_ESG_2017-01-01_to_2017-12-31,2017-10-05,-,-,-,1827.31
NSE,NIFTY100_ESG,NIFTY100_ESG_2017-01-01_to_2017-12-31,2017-10-06,-,-,-,1844.84
NSE,NIFTY100_ESG,NIFTY100_ESG_2017-01-01_to_2017-12-31,2017-10-09,-,-,-,1848.12
NSE,NIFTY100_ESG,NIFTY100_ESG_2017-01-01_to_2017-12-31,2017-10-10,-,-,-,1855.96
NSE,NIFTY100_ESG,NIFTY100_ESG_2017-01-01_to_2017-12-31,2017-10-11,-,-,-,1849.64
NSE,NIFTY100_ESG,NIFTY100_ESG_2017-01-01_to_2017-12-31,2017-10-12,-,-,-,1873.22
NSE,NIFTY100_ESG,NIFTY100_ESG_2017-01-01_to_2017-12-31,2017-10-13,-,-,-,1886.56
NSE,NIFTY100_ESG,NIFTY100_ESG_2017-01-01_to_2017-12-31,2017-10-16,-,-,-,1899.43
NSE,NIFTY100_ESG,NIFTY100_ESG_2017-01-01_to_2017-12-31,2017-10-17,-,-,-,1901.68
NSE,NIFTY100_ESG,NIFTY100_ESG_2017-01-01_to_2017-12-31,2017-10-18,-,-,-,1895.85
NSE,NIFTY100_ESG,NIFTY100_ESG_2017-01-01_to_2017-12-31,2017-10-19,-,-,-,1885.05
NSE,NIFTY100_ESG,NIFTY100_ESG_2017-01-01_to_2017-12-31,2017-10-23,-,-,-,1893.88
NSE,NIFTY100_ESG,NIFTY100_ESG_2017-01-01_to_2017-12-31,2017-10-24,-,-,-,1893.47
NSE,NIFTY100_ESG,NIFTY100_ESG_2017-01-01_to_2017-12-31,2017-10-25,-,-,-,1903.26
NSE,NIFTY100_ESG,NIFTY100_ESG_2017-01-01_to_2017-12-31,2017-10-26,-,-,-,1913.06
NSE,NIFTY100_ESG,NIFTY100_ESG_2017-01-01_to_2017-12-31,2017-10-27,-,-,-,1904.04
NSE,NIFTY100_ESG,NIFTY100_ESG_2017-01-01_to_2017-12-31,2017-10-30,-,-,-,1915.28
NSE,NIFTY100_ESG,NIFTY100_ESG_2017-01-01_to_2017-12-31,2017-10-31,-,-,-,1910.12
NSE,NIFTY100_ESG,NIFTY100_ESG_2017-01-01_to_2017-12-31,2017-11-01,-,-,-,1928.71
NSE,NIFTY100_ESG,NIFTY100_ESG_2017-01-01_to_2017-12-31,2017-11-02,-,-,-,1928.63
NSE,NIFTY100_ESG,NIFTY100_ESG_2017-01-01_to_2017-12-31,2017-11-03,-,-,-,1934.05
NSE,NIFTY100_ESG,NIFTY100_ESG_2017-01-01_to_2017-12-31,2017-11-06,-,-,-,1934.9
NSE,NIFTY100_ESG,NIFTY100_ESG_2017-01-01_to_2017-12-31,2017-11-07,-,-,-,1912.2
NSE,NIFTY100_ESG,NIFTY100_ESG_2017-01-01_to_2017-12-31,2017-11-08,-,-,-,1903.08
NSE,NIFTY100_ESG,NIFTY100_ESG_2017-01-01_to_2017-12-31,2017-11-09,-,-,-,1909.19
NSE,NIFTY100_ESG,NIFTY100_ESG_2017-01-01_to_2017-12-31,2017-11-10,-,-,-,1909.21
NSE,NIFTY100_ESG,NIFTY100_ESG_2017-01-01_to_2017-12-31,2017-11-13,-,-,-,1894.54
NSE,NIFTY100_ESG,NIFTY100_ESG_2017-01-01_to_2017-12-31,2017-11-14,-,-,-,1889.99
NSE,NIFTY100_ESG,NIFTY100_ESG_2017-01-01_to_2017-12-31,2017-11-15,-,-,-,1877.58
NSE,NIFTY100_ESG,NIFTY100_ESG_2017-01-01_to_2017-12-31,2017-11-16,-,-,-,1896.8
NSE,NIFTY100_ESG,NIFTY100_ESG_2017-01-01_to_2017-12-31,2017-11-17,-,-,-,1909.09
NSE,NIFTY100_ESG,NIFTY100_ESG_2017-01-01_to_2017-12-31,2017-11-20,-,-,-,1911.38
NSE,NIFTY100_ESG,NIFTY100_ESG_2017-01-01_to_2017-12-31,2017-11-21,-,-,-,1919.56
NSE,NIFTY100_ESG,NIFTY100_ESG_2017-01-01_to_2017-12-31,2017-11-22,-,-,-,1919.08
NSE,NIFTY100_ESG,NIFTY100_ESG_2017-01-01_to_2017-12-31,2017-11-23,-,-,-,1922.84
NSE,NIFTY100_ESG,NIFTY100_ESG_2017-01-01_to_2017-12-31,2017-11-24,-,-,-,1930.46
NSE,NIFTY100_ESG,NIFTY100_ESG_2017-01-01_to_2017-12-31,2017-11-27,-,-,-,1932.72
NSE,NIFTY100_ESG,NIFTY100_ESG_2017-01-01_to_2017-12-31,2017-11-28,-,-,-,1928.42
NSE,NIFTY100_ESG,NIFTY100_ESG_2017-01-01_to_2017-12-31,2017-11-29,-,-,-,1926.59
NSE,NIFTY100_ESG,NIFTY100_ESG_2017-01-01_to_2017-12-31,2017-11-30,-,-,-,1900.32
NSE,NIFTY100_ESG,NIFTY100_ESG_2017-01-01_to_2017-12-31,2017-12-01,-,-,-,1880.89
NSE,NIFTY100_ESG,NIFTY100_ESG_2017-01-01_to_2017-12-31,2017-12-04,-,-,-,1881.58
NSE,NIFTY100_ESG,NIFTY100_ESG_2017-01-01_to_2017-12-31,2017-12-05,-,-,-,1881.32
NSE,NIFTY100_ESG,NIFTY100_ESG_2017-01-01_to_2017-12-31,2017-12-06,-,-,-,1869.48
NSE,NIFTY100_ESG,NIFTY100_ESG_2017-01-01_to_2017-12-31,2017-12-07,-,-,-,1892.54
NSE,NIFTY100_ESG,NIFTY100_ESG_2017-01-01_to_2017-12-31,2017-12-08,-,-,-,1907.18
NSE,NIFTY100_ESG,NIFTY100_ESG_2017-01-01_to_2017-12-31,2017-12-11,-,-,-,1916.02
NSE,NIFTY100_ESG,NIFTY100_ESG_2017-01-01_to_2017-12-31,2017-12-12,-,-,-,1899.96
NSE,NIFTY100_ESG,NIFTY100_ESG_2017-01-01_to_2017-12-31,2017-12-13,-,-,-,1890.91
NSE,NIFTY100_ESG,NIFTY100_ESG_2017-01-01_to_2017-12-31,2017-12-14,-,-,-,1900.22
NSE,NIFTY100_ESG,NIFTY100_ESG_2017-01-01_to_2017-12-31,2017-12-15,-,-,-,1916.94
NSE,NIFTY100_ESG,NIFTY100_ESG_2017-01-01_to_2017-12-31,2017-12-18,-,-,-,1927.05
NSE,NIFTY100_ESG,NIFTY100_ESG_2017-01-01_to_2017-12-31,2017-12-19,-,-,-,1940.16
NSE,NIFTY100_ESG,NIFTY100_ESG_2017-01-01_to_2017-12-31,2017-12-20,-,-,-,1937.62
NSE,NIFTY100_ESG,NIFTY100_ESG_2017-01-01_to_2017-12-31,2017-12-21,-,-,-,1937.1
NSE,NIFTY100_ESG,NIFTY100_ESG_2017-01-01_to_2017-12-31,2017-12-22,-,-,-,1946.95
NSE,NIFTY100_ESG,NIFTY100_ESG_2017-01-01_to_2017-12-31,2017-12-26,-,-,-,1955.04
NSE,NIFTY100_ESG,NIFTY100_ESG_2017-01-01_to_2017-12-31,2017-12-27,-,-,-,1949.06
NSE,NIFTY100_ESG,NIFTY100_ESG_2017-01-01_to_2017-12-31,2017-12-28,-,-,-,1947.23
NSE,NIFTY100_ESG,NIFTY100_ESG_2017-01-01_to_2017-12-31,2017-12-29,-,-,-,1958.15
NSE,NIFTY100_ESG,NIFTY100_ESG_2018-01-01_to_2018-12-31,2018-01-01,-,-,-,1941.66
NSE,NIFTY100_ESG,NIFTY100_ESG_2018-01-01_to_2018-12-31,2018-01-02,-,-,-,1943.19
NSE,NIFTY100_ESG,NIFTY100_ESG_2018-01-01_to_2018-12-31,2018-01-03,-,-,-,1946.68
NSE,NIFTY100_ESG,NIFTY100_ESG_2018-01-01_to_2018-12-31,2018-01-04,-,-,-,1959.64
NSE,NIFTY100_ESG,NIFTY100_ESG_2018-01-01_to_2018-12-31,2018-01-05,-,-,-,1973.43
NSE,NIFTY100_ESG,NIFTY100_ESG_2018-01-01_to_2018-12-31,2018-01-08,-,-,-,1986.73
NSE,NIFTY100_ESG,NIFTY100_ESG_2018-01-01_to_2018-12-31,2018-01-09,-,-,-,1988.88
NSE,NIFTY100_ESG,NIFTY100_ESG_2018-01-01_to_2018-12-31,2018-01-10,-,-,-,1989.15
NSE,NIFTY100_ESG,NIFTY100_ESG_2018-01-01_to_2018-12-31,2018-01-11,-,-,-,1993.17
NSE,NIFTY100_ESG,NIFTY100_ESG_2018-01-01_to_2018-12-31,2018-01-12,-,-,-,1997.6
NSE,NIFTY100_ESG,NIFTY100_ESG_2018-01-01_to_2018-12-31,2018-01-15,-,-,-,2005.4
NSE,NIFTY100_ESG,NIFTY100_ESG_2018-01-01_to_2018-12-31,2018-01-16,-,-,-,1997.47
NSE,NIFTY100_ESG,NIFTY100_ESG_2018-01-01_to_2018-12-31,2018-01-17,-,-,-,2012.17
NSE,NIFTY100_ESG,NIFTY100_ESG_2018-01-01_to_2018-12-31,2018-01-18,-,-,-,2011.28
NSE,NIFTY100_ESG,NIFTY100_ESG_2018-01-01_to_2018-12-31,2018-01-19,-,-,-,2026.32
NSE,NIFTY100_ESG,NIFTY100_ESG_2018-01-01_to_2018-12-31,2018-01-22,-,-,-,2044.71
NSE,NIFTY100_ESG,NIFTY100_ESG_2018-01-01_to_2018-12-31,2018-01-23,-,-,-,2064.04
NSE,NIFTY100_ESG,NIFTY100_ESG_2018-01-01_to_2018-12-31,2018-01-24,-,-,-,2057.64
NSE,NIFTY100_ESG,NIFTY100_ESG_2018-01-01_to_2018-12-31,2018-01-25,-,-,-,2052.85
NSE,NIFTY100_ESG,NIFTY100_ESG_2018-01-01_to_2018-12-31,2018-01-29,-,-,-,2062.67
NSE,NIFTY100_ESG,NIFTY100_ESG_2018-01-01_to_2018-12-31,2018-01-30,-,-,-,2045.93
NSE,NIFTY100_ESG,NIFTY100_ESG_2018-01-01_to_2018-12-31,2018-01-31,-,-,-,2041.45
NSE,NIFTY100_ESG,NIFTY100_ESG_2018-01-01_to_2018-12-31,2018-02-01,-,-,-,2042.72
NSE,NIFTY100_ESG,NIFTY100_ESG_2018-01-01_to_2018-12-31,2018-02-02,-,-,-,1993.26
NSE,NIFTY100_ESG,NIFTY100_ESG_2018-01-01_to_2018-12-31,2018-02-05,-,-,-,1974.56
NSE,NIFTY100_ESG,NIFTY100_ESG_2018-01-01_to_2018-12-31,2018-02-06,-,-,-,1942.96
NSE,NIFTY100_ESG,NIFTY100_ESG_2018-01-01_to_2018-12-31,2018-02-07,-,-,-,1938.43
NSE,NIFTY100_ESG,NIFTY100_ESG_2018-01-01_to_2018-12-31,2018-02-08,-,-,-,1962.18
NSE,NIFTY100_ESG,NIFTY100_ESG_2018-01-01_to_2018-12-31,2018-02-09,-,-,-,1941.45
NSE,NIFTY100_ESG,NIFTY100_ESG_2018-01-01_to_2018-12-31,2018-02-12,-,-,-,1960.67
NSE,NIFTY100_ESG,NIFTY100_ESG_2018-01-01_to_2018-12-31,2018-02-14,-,-,-,1956.57
NSE,NIFTY100_ESG,NIFTY100_ESG_2018-01-01_to_2018-12-31,2018-02-15,-,-,-,1958.46
NSE,NIFTY100_ESG,NIFTY100_ESG_2018-01-01_to_2018-12-31,2018-02-16,-,-,-,1941.42
NSE,NIFTY100_ESG,NIFTY100_ESG_2018-01-01_to_2018-12-31,2018-02-19,-,-,-,1926.58
NSE,NIFTY100_ESG,NIFTY100_ESG_2018-01-01_to_2018-12-31,2018-02-20,-,-,-,1922.76
NSE,NIFTY100_ESG,NIFTY100_ESG_2018-01-01_to_2018-12-31,2018-02-21,-,-,-,1926.38
NSE,NIFTY100_ESG,NIFTY100_ESG_2018-01-01_to_2018-12-31,2018-02-22,-,-,-,1924.44
NSE,NIFTY100_ESG,NIFTY100_ESG_2018-01-01_to_2018-12-31,2018-02-23,-,-,-,1945.74
NSE,NIFTY100_ESG,NIFTY100_ESG_2018-01-01_to_2018-12-31,2018-02-26,-,-,-,1963.57
NSE,NIFTY100_ESG,NIFTY100_ESG_2018-01-01_to_2018-12-31,2018-02-27,-,-,-,1961.14
NSE,NIFTY100_ESG,NIFTY100_ESG_2018-01-01_to_2018-12-31,2018-02-28,-,-,-,1950.58
NSE,NIFTY100_ESG,NIFTY100_ESG_2018-01-01_to_2018-12-31,2018-03-01,-,-,-,1944.31
NSE,NIFTY100_ESG,NIFTY100_ESG_2018-01-01_to_2018-12-31,2018-03-05,-,-,-,1925.53
NSE,NIFTY100_ESG,NIFTY100_ESG_2018-01-01_to_2018-12-31,2018-03-06,-,-,-,1905.87
NSE,NIFTY100_ESG,NIFTY100_ESG_2018-01-01_to_2018-12-31,2018-03-07,-,-,-,1885.31
NSE,NIFTY100_ESG,NIFTY100_ESG_2018-01-01_to_2018-12-31,2018-03-08,-,-,-,1899.59
NSE,NIFTY100_ESG,NIFTY100_ESG_2018-01-01_to_2018-12-31,2018-03-09,-,-,-,1897.81
NSE,NIFTY100_ESG,NIFTY100_ESG_2018-01-01_to_2018-12-31,2018-03-12,-,-,-,1927.92
NSE,NIFTY100_ESG,NIFTY100_ESG_2018-01-01_to_2018-12-31,2018-03-13,-,-,-,1932.06
NSE,NIFTY100_ESG,NIFTY100_ESG_2018-01-01_to_2018-12-31,2018-03-14,-,-,-,1930.93
NSE,NIFTY100_ESG,NIFTY100_ESG_2018-01-01_to_2018-12-31,2018-03-15,-,-,-,1921.14
NSE,NIFTY100_ESG,NIFTY100_ESG_2018-01-01_to_2018-12-31,2018-03-16,-,-,-,1896.76
NSE,NIFTY100_ESG,NIFTY100_ESG_2018-01-01_to_2018-12-31,2018-03-19,-,-,-,1875.0
NSE,NIFTY100_ESG,NIFTY100_ESG_2018-01-01_to_2018-12-31,2018-03-20,-,-,-,1883.78
NSE,NIFTY100_ESG,NIFTY100_ESG_2018-01-01_to_2018-12-31,2018-03-21,-,-,-,1889.87
NSE,NIFTY100_ESG,NIFTY100_ESG_2018-01-01_to_2018-12-31,2018-03-22,-,-,-,1882.2
NSE,NIFTY100_ESG,NIFTY100_ESG_2018-01-01_to_2018-12-31,2018-03-23,-,-,-,1861.59
NSE,NIFTY100_ESG,NIFTY100_ESG_2018-01-01_to_2018-12-31,2018-03-26,-,-,-,1887.46
NSE,NIFTY100_ESG,NIFTY100_ESG_2018-01-01_to_2018-12-31,2018-03-27,-,-,-,1895.94
NSE,NIFTY100_ESG,NIFTY100_ESG_2018-01-01_to_2018-12-31,2018-03-28,-,-,-,1883.17
NSE,NIFTY100_ESG,NIFTY100_ESG_2018-01-01_to_2018-12-31,2018-04-02,-,-,-,1905.52
NSE,NIFTY100_ESG,NIFTY100_ESG_2018-01-01_to_2018-12-31,2018-04-03,-,-,-,1916.07
NSE,NIFTY100_ESG,NIFTY100_ESG_2018-01-01_to_2018-12-31,2018-04-04,-,-,-,1892.73
NSE,NIFTY100_ESG,NIFTY100_ESG_2018-01-01_to_2018-12-31,2018-04-05,-,-,-,1930.09
NSE,NIFTY100_ESG,NIFTY100_ESG_2018-01-01_to_2018-12-31,2018-04-06,-,-,-,1932.8
NSE,NIFTY100_ESG,NIFTY100_ESG_2018-01-01_to_2018-12-31,2018-04-09,-,-,-,1940.19
NSE,NIFTY100_ESG,NIFTY100_ESG_2018-01-01_to_2018-12-31,2018-04-10,-,-,-,1944.04
NSE,NIFTY100_ESG,NIFTY100_ESG_2018-01-01_to_2018-12-31,2018-04-11,-,-,-,1949.23
NSE,NIFTY100_ESG,NIFTY100_ESG_2018-01-01_to_2018-12-31,2018-04-12,-,-,-,1959.42
NSE,NIFTY100_ESG,NIFTY100_ESG_2018-01-01_to_2018-12-31,2018-04-13,-,-,-,1964.19
NSE,NIFTY100_ESG,NIFTY100_ESG_2018-01-01_to_2018-12-31,2018-04-16,-,-,-,1969.87
NSE,NIFTY100_ESG,NIFTY100_ESG_2018-01-01_to_2018-12-31,2018-04-17,-,-,-,1972.79
NSE,NIFTY100_ESG,NIFTY100_ESG_2018-01-01_to_2018-12-31,2018-04-18,-,-,-,1965.76
NSE,NIFTY100_ESG,NIFTY100_ESG_2018-01-01_to_2018-12-31,2018-04-19,-,-,-,1975.37
NSE,NIFTY100_ESG,NIFTY100_ESG_2018-01-01_to_2018-12-31,2018-04-20,-,-,-,1976.63
NSE,NIFTY100_ESG,NIFTY100_ESG_2018-01-01_to_2018-12-31,2018-04-23,-,-,-,1985.51
NSE,NIFTY100_ESG,NIFTY100_ESG_2018-01-01_to_2018-12-31,2018-04-24,-,-,-,1993.13
NSE,NIFTY100_ESG,NIFTY100_ESG_2018-01-01_to_2018-12-31,2018-04-25,-,-,-,1990.17
NSE,NIFTY100_ESG,NIFTY100_ESG_2018-01-01_to_2018-12-31,2018-04-26,-,-,-,2000.74
NSE,NIFTY100_ESG,NIFTY100_ESG_2018-01-01_to_2018-12-31,2018-04-27,-,-,-,2014.72
NSE,NIFTY100_ESG,NIFTY100_ESG_2018-01-01_to_2018-12-31,2018-04-30,-,-,-,2024.1
NSE,NIFTY100_ESG,NIFTY100_ESG_2018-01-01_to_2018-12-31,2018-05-02,-,-,-,2015.3
NSE,NIFTY100_ESG,NIFTY100_ESG_2018-01-01_to_2018-12-31,2018-05-03,-,-,-,2003.57
NSE,NIFTY100_ESG,NIFTY100_ESG_2018-01-01_to_2018-12-31,2018-05-04,-,-,-,1992.82
NSE,NIFTY100_ESG,NIFTY100_ESG_2018-01-01_to_2018-12-31,2018-05-07,-,-,-,2011.99
NSE,NIFTY100_ESG,NIFTY100_ESG_2018-01-01_to_2018-12-31,2018-05-08,-,-,-,2006.68
NSE,NIFTY100_ESG,NIFTY100_ESG_2018-01-01_to_2018-12-31,2018-05-09,-,-,-,2011.76
NSE,NIFTY100_ESG,NIFTY100_ESG_2018-01-01_to_2018-12-31,2018-05-10,-,-,-,2004.06
NSE,NIFTY100_ESG,NIFTY100_ESG_2018-01-01_to_2018-12-31,2018-05-11,-,-,-,2019.75
NSE,NIFTY100_ESG,NIFTY100_ESG_2018-01-01_to_2018-12-31,2018-05-14,-,-,-,2016.52
NSE,NIFTY100_ESG,NIFTY100_ESG_2018-01-01_to_2018-12-31,2018-05-15,-,-,-,2016.49
NSE,NIFTY100_ESG,NIFTY100_ESG_2018-01-01_to_2018-12-31,2018-05-16,-,-,-,2008.32
NSE,NIFTY100_ESG,NIFTY100_ESG_2018-01-01_to_2018-12-31,2018-05-17,-,-,-,1998.78
NSE,NIFTY100_ESG,NIFTY100_ESG_2018-01-01_to_2018-12-31,2018-05-18,-,-,-,1982.4
NSE,NIFTY100_ESG,NIFTY100_ESG_2018-01-01_to_2018-12-31,2018-05-21,-,-,-,1963.29
NSE,NIFTY100_ESG,NIFTY100_ESG_2018-01-01_to_2018-12-31,2018-05-22,-,-,-,1969.58
NSE,NIFTY100_ESG,NIFTY100_ESG_2018-01-01_to_2018-12-31,2018-05-23,-,-,-,1954.04
NSE,NIFTY100_ESG,NIFTY100_ESG_2018-01-01_to_2018-12-31,2018-05-24,-,-,-,1972.17
NSE,NIFTY100_ESG,NIFTY100_ESG_2018-01-01_to_2018-12-31,2018-05-25,-,-,-,1992.86
NSE,NIFTY100_ESG,NIFTY100_ESG_2018-01-01_to_2018-12-31,2018-05-28,-,-,-,2005.76
NSE,NIFTY100_ESG,NIFTY100_ESG_2018-01-01_to_2018-12-31,2018-05-29,-,-,-,1997.46
NSE,NIFTY100_ESG,NIFTY100_ESG_2018-01-01_to_2018-12-31,2018-05-30,-,-,-,1998.65
NSE,NIFTY100_ESG,NIFTY100_ESG_2018-01-01_to_2018-12-31,2018-05-31,-,-,-,2019.52
NSE,NIFTY100_ESG,NIFTY100_ESG_2018-01-01_to_2018-12-31,2018-06-01,-,-,-,2008.79
NSE,NIFTY100_ESG,NIFTY100_ESG_2018-01-01_to_2018-12-31,2018-06-04,-,-,-,1999.88
NSE,NIFTY100_ESG,NIFTY100_ESG_2018-01-01_to_2018-12-31,2018-06-05,-,-,-,1989.9
NSE,NIFTY100_ESG,NIFTY100_ESG_2018-01-01_to_2018-12-31,2018-06-06,-,-,-,2009.71
NSE,NIFTY100_ESG,NIFTY100_ESG_2018-01-01_to_2018-12-31,2018-06-07,-,-,-,2028.46
NSE,NIFTY100_ESG,NIFTY100_ESG_2018-01-01_to_2018-12-31,2018-06-08,-,-,-,2031.74
NSE,NIFTY100_ESG,NIFTY100_ESG_2018-01-01_to_2018-12-31,2018-06-11,-,-,-,2034.31
NSE,NIFTY100_ESG,NIFTY100_ESG_2018-01-01_to_2018-12-31,2018-06-12,-,-,-,2046.58
NSE,NIFTY100_ESG,NIFTY100_ESG_2018-01-01_to_2018-12-31,2018-06-13,-,-,-,2051.08
NSE,NIFTY100_ESG,NIFTY100_ESG_2018-01-01_to_2018-12-31,2018-06-14,-,-,-,2043.86
NSE,NIFTY100_ESG,NIFTY100_ESG_2018-01-01_to_2018-12-31,2018-06-15,-,-,-,2046.26
NSE,NIFTY100_ESG,NIFTY100_ESG_2018-01-01_to_2018-12-31,2018-06-18,-,-,-,2040.8
NSE,NIFTY100_ESG,NIFTY100_ESG_2018-01-01_to_2018-12-31,2018-06-19,-,-,-,2020.83
NSE,NIFTY100_ESG,NIFTY100_ESG_2018-01-01_to_2018-12-31,2018-06-20,-,-,-,2033.8
NSE,NIFTY100_ESG,NIFTY100_ESG_2018-01-01_to_2018-12-31,2018-06-21,-,-,-,2027.71
NSE,NIFTY100_ESG,NIFTY100_ESG_2018-01-01_to_2018-12-31,2018-06-22,-,-,-,2041.11
NSE,NIFTY100_ESG,NIFTY100_ESG_2018-01-01_to_2018-12-31,2018-06-25,-,-,-,2030.62
NSE,NIFTY100_ESG,NIFTY100_ESG_2018-01-01_to_2018-12-31,2018-06-26,-,-,-,2027.61
NSE,NIFTY100_ESG,NIFTY100_ESG_2018-01-01_to_2018-12-31,2018-06-27,-,-,-,2009.35
NSE,NIFTY100_ESG,NIFTY100_ESG_2018-01-01_to_2018-12-31,2018-06-28,-,-,-,1994.53
NSE,NIFTY100_ESG,NIFTY100_ESG_2018-01-01_to_2018-12-31,2018-06-29,-,-,-,2019.21
NSE,NIFTY100_ESG,NIFTY100_ESG_2018-01-01_to_2018-12-31,2018-07-02,-,-,-,2008.66
NSE,NIFTY100_ESG,NIFTY100_ESG_2018-01-01_to_2018-12-31,2018-07-03,-,-,-,2018.09
NSE,NIFTY100_ESG,NIFTY100_ESG_2018-01-01_to_2018-12-31,2018-07-04,-,-,-,2029.55
NSE,NIFTY100_ESG,NIFTY100_ESG_2018-01-01_to_2018-12-31,2018-07-05,-,-,-,2022.15
NSE,NIFTY100_ESG,NIFTY100_ESG_2018-01-01_to_2018-12-31,2018-07-06,-,-,-,2028.85
NSE,NIFTY100_ESG,NIFTY100_ESG_2018-01-01_to_2018-12-31,2018-07-09,-,-,-,2046.9
NSE,NIFTY100_ESG,NIFTY100_ESG_2018-01-01_to_2018-12-31,2018-07-10,-,-,-,2064.43
NSE,NIFTY100_ESG,NIFTY100_ESG_2018-01-01_to_2018-12-31,2018-07-11,-,-,-,2067.93
NSE,NIFTY100_ESG,NIFTY100_ESG_2018-01-01_to_2018-12-31,2018-07-12,-,-,-,2081.73
NSE,NIFTY100_ESG,NIFTY100_ESG_2018-01-01_to_2018-12-31,2018-07-13,-,-,-,2083.63
NSE,NIFTY100_ESG,NIFTY100_ESG_2018-01-01_to_2018-12-31,2018-07-16,-,-,-,2063.0
NSE,NIFTY100_ESG,NIFTY100_ESG_2018-01-01_to_2018-12-31,2018-07-17,-,-,-,2078.2
NSE,NIFTY100_ESG,NIFTY100_ESG_2018-01-01_to_2018-12-31,2018-07-18,-,-,-,2070.37
NSE,NIFTY100_ESG,NIFTY100_ESG_2018-01-01_to_2018-12-31,2018-07-19,-,-,-,2064.83
NSE,NIFTY100_ESG,NIFTY100_ESG_2018-01-01_to_2018-12-31,2018-07-20,-,-,-,2076.69
NSE,NIFTY100_ESG,NIFTY100_ESG_2018-01-01_to_2018-12-31,2018-07-23,-,-,-,2088.51
NSE,NIFTY100_ESG,NIFTY100_ESG_2018-01-01_to_2018-12-31,2018-07-24,-,-,-,2101.97
NSE,NIFTY100_ESG,NIFTY100_ESG_2018-01-01_to_2018-12-31,2018-07-25,-,-,-,2099.89
NSE,NIFTY100_ESG,NIFTY100_ESG_2018-01-01_to_2018-12-31,2018-07-26,-,-,-,2103.54
NSE,NIFTY100_ESG,NIFTY100_ESG_2018-01-01_to_2018-12-31,2018-07-27,-,-,-,2119.32
NSE,NIFTY100_ESG,NIFTY100_ESG_2018-01-01_to_2018-12-31,2018-07-30,-,-,-,2129.87
NSE,NIFTY100_ESG,NIFTY100_ESG_2018-01-01_to_2018-12-31,2018-07-31,-,-,-,2141.23
NSE,NIFTY100_ESG,NIFTY100_ESG_2018-01-01_to_2018-12-31,2018-08-01,-,-,-,2140.39
NSE,NIFTY100_ESG,NIFTY100_ESG_2018-01-01_to_2018-12-31,2018-08-02,-,-,-,2122.49
NSE,NIFTY100_ESG,NIFTY100_ESG_2018-01-01_to_2018-12-31,2018-08-03,-,-,-,2143.91
NSE,NIFTY100_ESG,NIFTY100_ESG_2018-01-01_to_2018-12-31,2018-08-06,-,-,-,2149.88
NSE,NIFTY100_ESG,NIFTY100_ESG_2018-01-01_to_2018-12-31,2018-08-07,-,-,-,2151.56
NSE,NIFTY100_ESG,NIFTY100_ESG_2018-01-01_to_2018-12-31,2018-08-08,-,-,-,2164.68
NSE,NIFTY100_ESG,NIFTY100_ESG_2018-01-01_to_2018-12-31,2018-08-09,-,-,-,2167.29
NSE,NIFTY100_ESG,NIFTY100_ESG_2018-01-01_to_2018-12-31,2018-08-10,-,-,-,2159.54
NSE,NIFTY100_ESG,NIFTY100_ESG_2018-01-01_to_2018-12-31,2018-08-13,-,-,-,2144.49
NSE,NIFTY100_ESG,NIFTY100_ESG_2018-01-01_to_2018-12-31,2018-08-14,-,-,-,2161.73
NSE,NIFTY100_ESG,NIFTY100_ESG_2018-01-01_to_2018-12-31,2018-08-16,-,-,-,2149.51
NSE,NIFTY100_ESG,NIFTY100_ESG_2018-01-01_to_2018-12-31,2018-08-17,-,-,-,2169.52
NSE,NIFTY100_ESG,NIFTY100_ESG_2018-01-01_to_2018-12-31,2018-08-20,-,-,-,2187.91
NSE,NIFTY100_ESG,NIFTY100_ESG_2018-01-01_to_2018-12-31,2018-08-21,-,-,-,2192.76
NSE,NIFTY100_ESG,NIFTY100_ESG_2018-01-01_to_2018-12-31,2018-08-23,-,-,-,2198.09
NSE,NIFTY100_ESG,NIFTY100_ESG_2018-01-01_to_2018-12-31,2018-08-24,-,-,-,2193.51
NSE,NIFTY100_ESG,NIFTY100_ESG_2018-01-01_to_2018-12-31,2018-08-27,-,-,-,2219.33
NSE,NIFTY100_ESG,NIFTY100_ESG_2018-01-01_to_2018-12-31,2018-08-28,-,-,-,2227.78
NSE,NIFTY100_ESG,NIFTY100_ESG_2018-01-01_to_2018-12-31,2018-08-29,-,-,-,2220.26
NSE,NIFTY100_ESG,NIFTY100_ESG_2018-01-01_to_2018-12-31,2018-08-30,-,-,-,2214.8
NSE,NIFTY100_ESG,NIFTY100_ESG_2018-01-01_to_2018-12-31,2018-08-31,-,-,-,2214.32
NSE,NIFTY100_ESG,NIFTY100_ESG_2018-01-01_to_2018-12-31,2018-09-03,-,-,-,2196.63
NSE,NIFTY100_ESG,NIFTY100_ESG_2018-01-01_to_2018-12-31,2018-09-04,-,-,-,2181.37
NSE,NIFTY100_ESG,NIFTY100_ESG_2018-01-01_to_2018-12-31,2018-09-05,-,-,-,2170.64
NSE,NIFTY100_ESG,NIFTY100_ESG_2018-01-01_to_2018-12-31,2018-09-06,-,-,-,2184.37
NSE,NIFTY100_ESG,NIFTY100_ESG_2018-01-01_to_2018-12-31,2018-09-07,-,-,-,2198.89
NSE,NIFTY100_ESG,NIFTY100_ESG_2018-01-01_to_2018-12-31,2018-09-10,-,-,-,2169.2
NSE,NIFTY100_ESG,NIFTY100_ESG_2018-01-01_to_2018-12-31,2018-09-11,-,-,-,2141.95
NSE,NIFTY100_ESG,NIFTY100_ESG_2018-01-01_to_2018-12-31,2018-09-12,-,-,-,2154.03
NSE,NIFTY100_ESG,NIFTY100_ESG_2018-01-01_to_2018-12-31,2018-09-14,-,-,-,2181.46
NSE,NIFTY100_ESG,NIFTY100_ESG_2018-01-01_to_2018-12-31,2018-09-17,-,-,-,2156.25
NSE,NIFTY100_ESG,NIFTY100_ESG_2018-01-01_to_2018-12-31,2018-09-18,-,-,-,2138.01
NSE,NIFTY100_ESG,NIFTY100_ESG_2018-01-01_to_2018-12-31,2018-09-19,-,-,-,2131.8
NSE,NIFTY100_ESG,NIFTY100_ESG_2018-01-01_to_2018-12-31,2018-09-21,-,-,-,2096.43
NSE,NIFTY100_ESG,NIFTY100_ESG_2018-01-01_to_2018-12-31,2018-09-24,-,-,-,2064.19
NSE,NIFTY100_ESG,NIFTY100_ESG_2018-01-01_to_2018-12-31,2018-09-25,-,-,-,2081.13
NSE,NIFTY100_ESG,NIFTY100_ESG_2018-01-01_to_2018-12-31,2018-09-26,-,-,-,2084.39
NSE,NIFTY100_ESG,NIFTY100_ESG_2018-01-01_to_2018-12-31,2018-09-27,-,-,-,2066.05
NSE,NIFTY100_ESG,NIFTY100_ESG_2018-01-01_to_2018-12-31,2018-09-28,-,-,-,2051.48
NSE,NIFTY100_ESG,NIFTY100_ESG_2018-01-01_to_2018-12-31,2018-10-01,-,-,-,2061.66
NSE,NIFTY100_ESG,NIFTY100_ESG_2018-01-01_to_2018-12-31,2018-10-03,-,-,-,2029.3
NSE,NIFTY100_ESG,NIFTY100_ESG_2018-01-01_to_2018-12-31,2018-10-04,-,-,-,1982.09
NSE,NIFTY100_ESG,NIFTY100_ESG_2018-01-01_to_2018-12-31,2018-10-05,-,-,-,1936.16
NSE,NIFTY100_ESG,NIFTY100_ESG_2018-01-01_to_2018-12-31,2018-10-08,-,-,-,1946.33
NSE,NIFTY100_ESG,NIFTY100_ESG_2018-01-01_to_2018-12-31,2018-10-09,-,-,-,1937.24
NSE,NIFTY100_ESG,NIFTY100_ESG_2018-01-01_to_2018-12-31,2018-10-10,-,-,-,1968.72
NSE,NIFTY100_ESG,NIFTY100_ESG_2018-01-01_to_2018-12-31,2018-10-11,-,-,-,1926.36
NSE,NIFTY100_ESG,NIFTY100_ESG_2018-01-01_to_2018-12-31,2018-10-12,-,-,-,1968.11
NSE,NIFTY100_ESG,NIFTY100_ESG_2018-01-01_to_2018-12-31,2018-10-15,-,-,-,1974.08
NSE,NIFTY100_ESG,NIFTY100_ESG_2018-01-01_to_2018-12-31,2018-10-16,-,-,-,1992.77
NSE,NIFTY100_ESG,NIFTY100_ESG_2018-01-01_to_2018-12-31,2018-10-17,-,-,-,1963.65
NSE,NIFTY100_ESG,NIFTY100_ESG_2018-01-01_to_2018-12-31,2018-10-19,-,-,-,1928.56
NSE,NIFTY100_ESG,NIFTY100_ESG_2018-01-01_to_2018-12-31,2018-10-22,-,-,-,1909.94
NSE,NIFTY100_ESG,NIFTY100_ESG_2018-01-01_to_2018-12-31,2018-10-23,-,-,-,1889.53
NSE,NIFTY100_ESG,NIFTY100_ESG_2018-01-01_to_2018-12-31,2018-10-24,-,-,-,1900.8
NSE,NIFTY100_ESG,NIFTY100_ESG_2018-01-01_to_2018-12-31,2018-10-25,-,-,-,1881.57
NSE,NIFTY100_ESG,NIFTY100_ESG_2018-01-01_to_2018-12-31,2018-10-26,-,-,-,1865.84
NSE,NIFTY100_ESG,NIFTY100_ESG_2018-01-01_to_2018-12-31,2018-10-29,-,-,-,1908.45
NSE,NIFTY100_ESG,NIFTY100_ESG_2018-01-01_to_2018-12-31,2018-10-30,-,-,-,1901.93
NSE,NIFTY100_ESG,NIFTY100_ESG_2018-01-01_to_2018-12-31,2018-10-31,-,-,-,1941.83
NSE,NIFTY100_ESG,NIFTY100_ESG_2018-01-01_to_2018-12-31,2018-11-01,-,-,-,1943.75
NSE,NIFTY100_ESG,NIFTY100_ESG_2018-01-01_to_2018-12-31,2018-11-02,-,-,-,1972.94
NSE,NIFTY100_ESG,NIFTY100_ESG_2018-01-01_to_2018-12-31,2018-11-05,-,-,-,1972.58
NSE,NIFTY100_ESG,NIFTY100_ESG_2018-01-01_to_2018-12-31,2018-11-06,-,-,-,1973.92
NSE,NIFTY100_ESG,NIFTY100_ESG_2018-01-01_to_2018-12-31,2018-11-07,-,-,-,1986.8
NSE,NIFTY100_ESG,NIFTY100_ESG_2018-01-01_to_2018-12-31,2018-11-09,-,-,-,1987.16
NSE,NIFTY100_ESG,NIFTY100_ESG_2018-01-01_to_2018-12-31,2018-11-12,-,-,-,1971.24
NSE,NIFTY100_ESG,NIFTY100_ESG_2018-01-01_to_2018-12-31,2018-11-13,-,-,-,1988.12
NSE,NIFTY100_ESG,NIFTY100_ESG_2018-01-01_to_2018-12-31,2018-11-14,-,-,-,1982.38
NSE,NIFTY100_ESG,NIFTY100_ESG_2018-01-01_to_2018-12-31,2018-11-15,-,-,-,1990.32
NSE,NIFTY100_ESG,NIFTY100_ESG_2018-01-01_to_2018-12-31,2018-11-16,-,-,-,2000.13
NSE,NIFTY100_ESG,NIFTY100_ESG_2018-01-01_to_2018-12-31,2018-11-19,-,-,-,2017.58
NSE,NIFTY100_ESG,NIFTY100_ESG_2018-01-01_to_2018-12-31,2018-11-20,-,-,-,1994.4
NSE,NIFTY100_ESG,NIFTY100_ESG_2018-01-01_to_2018-12-31,2018-11-21,-,-,-,1985.52
NSE,NIFTY100_ESG,NIFTY100_ESG_2018-01-01_to_2018-12-31,2018-11-22,-,-,-,1969.38
NSE,NIFTY100_ESG,NIFTY100_ESG_2018-01-01_to_2018-12-31,2018-11-26,-,-,-,1986.44
NSE,NIFTY100_ESG,NIFTY100_ESG_2018-01-01_to_2018-12-31,2018-11-27,-,-,-,1995.03
NSE,NIFTY100_ESG,NIFTY100_ESG_2018-01-01_to_2018-12-31,2018-11-28,-,-,-,2002.88
NSE,NIFTY100_ESG,NIFTY100_ESG_2018-01-01_to_2018-12-31,2018-11-29,-,-,-,2026.94
NSE,NIFTY100_ESG,NIFTY100_ESG_2018-01-01_to_2018-12-31,2018-11-30,-,-,-,2034.12
NSE,NIFTY100_ESG,NIFTY100_ESG_2018-01-01_to_2018-12-31,2018-12-03,-,-,-,2035.2
NSE,NIFTY100_ESG,NIFTY100_ESG_2018-01-01_to_2018-12-31,2018-12-04,-,-,-,2031.6
NSE,NIFTY100_ESG,NIFTY100_ESG_2018-01-01_to_2018-12-31,2018-12-05,-,-,-,2015.42
NSE,NIFTY100_ESG,NIFTY100_ESG_2018-01-01_to_2018-12-31,2018-12-06,-,-,-,1979.49
NSE,NIFTY100_ESG,NIFTY100_ESG_2018-01-01_to_2018-12-31,2018-12-07,-,-,-,1999.09
NSE,NIFTY100_ESG,NIFTY100_ESG_2018-01-01_to_2018-12-31,2018-12-10,-,-,-,1956.21
NSE,NIFTY100_ESG,NIFTY100_ESG_2018-01-01_to_2018-12-31,2018-12-11,-,-,-,1974.8
NSE,NIFTY100_ESG,NIFTY100_ESG_2018-01-01_to_2018-12-31,2018-12-12,-,-,-,2011.57
NSE,NIFTY100_ESG,NIFTY100_ESG_2018-01-01_to_2018-12-31,2018-12-13,-,-,-,2022.2
NSE,NIFTY100_ESG,NIFTY100_ESG_2018-01-01_to_2018-12-31,2018-12-14,-,-,-,2025.16
NSE,NIFTY100_ESG,NIFTY100_ESG_2018-01-01_to_2018-12-31,2018-12-17,-,-,-,2036.81
NSE,NIFTY100_ESG,NIFTY100_ESG_2018-01-01_to_2018-12-31,2018-12-18,-,-,-,2040.32
NSE,NIFTY100_ESG,NIFTY100_ESG_2018-01-01_to_2018-12-31,2018-12-19,-,-,-,2052.37
NSE,NIFTY100_ESG,NIFTY100_ESG_2018-01-01_to_2018-12-31,2018-12-20,-,-,-,2051.33
NSE,NIFTY100_ESG,NIFTY100_ESG_2018-01-01_to_2018-12-31,2018-12-21,-,-,-,2013.86
NSE,NIFTY100_ESG,NIFTY100_ESG_2018-01-01_to_2018-12-31,2018-12-24,-,-,-,1997.07
NSE,NIFTY100_ESG,NIFTY100_ESG_2018-01-01_to_2018-12-31,2018-12-26,-,-,-,2007.89
NSE,NIFTY100_ESG,NIFTY100_ESG_2018-01-01_to_2018-12-31,2018-12-27,-,-,-,2016.67
NSE,NIFTY100_ESG,NIFTY100_ESG_2018-01-01_to_2018-12-31,2018-12-28,-,-,-,2033.27
NSE,NIFTY100_ESG,NIFTY100_ESG_2018-01-01_to_2018-12-31,2018-12-31,-,-,-,2035.64
NSE,NIFTY100_ESG,NIFTY100_ESG_2019-01-01_to_2019-12-31,2019-01-01,-,-,-,2040.35
NSE,NIFTY100_ESG,NIFTY100_ESG_2019-01-01_to_2019-12-31,2019-01-02,-,-,-,2019.9
NSE,NIFTY100_ESG,NIFTY100_ESG_2019-01-01_to_2019-12-31,2019-01-03,-,-,-,1997.8
NSE,NIFTY100_ESG,NIFTY100_ESG_2019-01-01_to_2019-12-31,2019-01-04,-,-,-,2007.16
NSE,NIFTY100_ESG,NIFTY100_ESG_2019-01-01_to_2019-12-31,2019-01-07,-,-,-,2014.92
NSE,NIFTY100_ESG,NIFTY100_ESG_2019-01-01_to_2019-12-31,2019-01-08,-,-,-,2018.38
NSE,NIFTY100_ESG,NIFTY100_ESG_2019-01-01_to_2019-12-31,2019-01-09,-,-,-,2027.03
NSE,NIFTY100_ESG,NIFTY100_ESG_2019-01-01_to_2019-12-31,2019-01-10,-,-,-,2023.81
NSE,NIFTY100_ESG,NIFTY100_ESG_2019-01-01_to_2019-12-31,2019-01-11,-,-,-,2015.65
NSE,NIFTY100_ESG,NIFTY100_ESG_2019-01-01_to_2019-12-31,2019-01-14,-,-,-,2006.2
NSE,NIFTY100_ESG,NIFTY100_ESG_2019-01-01_to_2019-12-31,2019-01-15,-,-,-,2036.58
NSE,NIFTY100_ESG,NIFTY100_ESG_2019-01-01_to_2019-12-31,2019-01-16,-,-,-,2039.06
NSE,NIFTY100_ESG,NIFTY100_ESG_2019-01-01_to_2019-12-31,2019-01-17,-,-,-,2041.93
NSE,NIFTY100_ESG,NIFTY100_ESG_2019-01-01_to_2019-12-31,2019-01-18,-,-,-,2041.09
NSE,NIFTY100_ESG,NIFTY100_ESG_2019-01-01_to_2019-12-31,2019-01-21,-,-,-,2052.54
NSE,NIFTY100_ESG,NIFTY100_ESG_2019-01-01_to_2019-12-31,2019-01-22,-,-,-,2048.61
NSE,NIFTY100_ESG,NIFTY100_ESG_2019-01-01_to_2019-12-31,2019-01-23,-,-,-,2037.7
NSE,NIFTY100_ESG,NIFTY100_ESG_2019-01-01_to_2019-12-31,2019-01-24,-,-,-,2044.27
NSE,NIFTY100_ESG,NIFTY100_ESG_2019-01-01_to_2019-12-31,2019-01-25,-,-,-,2033.33
NSE,NIFTY100_ESG,NIFTY100_ESG_2019-01-01_to_2019-12-31,2019-01-28,-,-,-,2010.37
NSE,NIFTY100_ESG,NIFTY100_ESG_2019-01-01_to_2019-12-31,2019-01-29,-,-,-,2006.48
NSE,NIFTY100_ESG,NIFTY100_ESG_2019-01-01_to_2019-12-31,2019-01-30,-,-,-,2005.86
NSE,NIFTY100_ESG,NIFTY100_ESG_2019-01-01_to_2019-12-31,2019-01-31,-,-,-,2040.99
NSE,NIFTY100_ESG,NIFTY100_ESG_2019-01-01_to_2019-12-31,2019-02-01,-,-,-,2056.17
NSE,NIFTY100_ESG,NIFTY100_ESG_2019-01-01_to_2019-12-31,2019-02-04,-,-,-,2058.71
NSE,NIFTY100_ESG,NIFTY100_ESG_2019-01-01_to_2019-12-31,2019-02-05,-,-,-,2062.13
NSE,NIFTY100_ESG,NIFTY100_ESG_2019-01-01_to_2019-12-31,2019-02-06,-,-,-,2085.2
NSE,NIFTY100_ESG,NIFTY100_ESG_2019-01-01_to_2019-12-31,2019-02-07,-,-,-,2087.26
NSE,NIFTY100_ESG,NIFTY100_ESG_2019-01-01_to_2019-12-31,2019-02-08,-,-,-,2063.23
NSE,NIFTY100_ESG,NIFTY100_ESG_2019-01-01_to_2019-12-31,2019-02-11,-,-,-,2050.0
NSE,NIFTY100_ESG,NIFTY100_ESG_2019-01-01_to_2019-12-31,2019-02-12,-,-,-,2040.53
NSE,NIFTY100_ESG,NIFTY100_ESG_2019-01-01_to_2019-12-31,2019-02-13,-,-,-,2032.12
NSE,NIFTY100_ESG,NIFTY100_ESG_2019-01-01_to_2019-12-31,2019-02-14,-,-,-,2030.28
NSE,NIFTY100_ESG,NIFTY100_ESG_2019-01-01_to_2019-12-31,2019-02-15,-,-,-,2020.22
NSE,NIFTY100_ESG,NIFTY100_ESG_2019-01-01_to_2019-12-31,2019-02-18,-,-,-,2004.94
NSE,NIFTY100_ESG,NIFTY100_ESG_2019-01-01_to_2019-12-31,2019-02-19,-,-,-,1997.04
NSE,NIFTY100_ESG,NIFTY100_ESG_2019-01-01_to_2019-12-31,2019-02-20,-,-,-,2022.65
NSE,NIFTY100_ESG,NIFTY100_ESG_2019-01-01_to_2019-12-31,2019-02-21,-,-,-,2032.85
NSE,NIFTY100_ESG,NIFTY100_ESG_2019-01-01_to_2019-12-31,2019-02-22,-,-,-,2035.27
NSE,NIFTY100_ESG,NIFTY100_ESG_2019-01-01_to_2019-12-31,2019-02-25,-,-,-,2052.93
NSE,NIFTY100_ESG,NIFTY100_ESG_2019-01-01_to_2019-12-31,2019-02-26,-,-,-,2047.28
NSE,NIFTY100_ESG,NIFTY100_ESG_2019-01-01_to_2019-12-31,2019-02-27,-,-,-,2044.16
NSE,NIFTY100_ESG,NIFTY100_ESG_2019-01-01_to_2019-12-31,2019-02-28,-,-,-,2041.44
NSE,NIFTY100_ESG,NIFTY100_ESG_2019-01-01_to_2019-12-31,2019-03-01,-,-,-,2053.76
NSE,NIFTY100_ESG,NIFTY100_ESG_2019-01-01_to_2019-12-31,2019-03-05,-,-,-,2074.64
NSE,NIFTY100_ESG,NIFTY100_ESG_2019-01-01_to_2019-12-31,2019-03-06,-,-,-,2085.58
NSE,NIFTY100_ESG,NIFTY100_ESG_2019-01-01_to_2019-12-31,2019-03-07,-,-,-,2085.44
NSE,NIFTY100_ESG,NIFTY100_ESG_2019-01-01_to_2019-12-31,2019-03-08,-,-,-,2079.3
NSE,NIFTY100_ESG,NIFTY100_ESG_2019-01-01_to_2019-12-31,2019-03-11,-,-,-,2107.14
NSE,NIFTY100_ESG,NIFTY100_ESG_2019-01-01_to_2019-12-31,2019-03-12,-,-,-,2131.45
NSE,NIFTY100_ESG,NIFTY100_ESG_2019-01-01_to_2019-12-31,2019-03-13,-,-,-,2136.38
NSE,NIFTY100_ESG,NIFTY100_ESG_2019-01-01_to_2019-12-31,2019-03-14,-,-,-,2135.83
NSE,NIFTY100_ESG,NIFTY100_ESG_2019-01-01_to_2019-12-31,2019-03-15,-,-,-,2147.42
NSE,NIFTY100_ESG,NIFTY100_ESG_2019-01-01_to_2019-12-31,2019-03-18,-,-,-,2155.45
NSE,NIFTY100_ESG,NIFTY100_ESG_2019-01-01_to_2019-12-31,2019-03-19,-,-,-,2168.16
NSE,NIFTY100_ESG,NIFTY100_ESG_2019-01-01_to_2019-12-31,2019-03-20,-,-,-,2168.67
NSE,NIFTY100_ESG,NIFTY100_ESG_2019-01-01_to_2019-12-31,2019-03-22,-,-,-,2156.52
NSE,NIFTY100_ESG,NIFTY100_ESG_2019-01-01_to_2019-12-31,2019-03-25,-,-,-,2132.9
NSE,NIFTY100_ESG,NIFTY100_ESG_2019-01-01_to_2019-12-31,2019-03-26,-,-,-,2155.96
NSE,NIFTY100_ESG,NIFTY100_ESG_2019-01-01_to_2019-12-31,2019-03-27,-,-,-,2150.98
NSE,NIFTY100_ESG,NIFTY100_ESG_2019-01-01_to_2019-12-31,2019-03-28,-,-,-,2173.39
NSE,NIFTY100_ESG,NIFTY100_ESG_2019-01-01_to_2019-12-31,2019-03-29,-,-,-,2187.42
NSE,NIFTY100_ESG,NIFTY100_ESG_2019-01-01_to_2019-12-31,2019-04-01,-,-,-,2195.89
NSE,NIFTY100_ESG,NIFTY100_ESG_2019-01-01_to_2019-12-31,2019-04-02,-,-,-,2202.48
NSE,NIFTY100_ESG,NIFTY100_ESG_2019-01-01_to_2019-12-31,2019-04-03,-,-,-,2188.57
NSE,NIFTY100_ESG,NIFTY100_ESG_2019-01-01_to_2019-12-31,2019-04-04,-,-,-,2179.75
NSE,NIFTY100_ESG,NIFTY100_ESG_2019-01-01_to_2019-12-31,2019-04-05,-,-,-,2192.82
NSE,NIFTY100_ESG,NIFTY100_ESG_2019-01-01_to_2019-12-31,2019-04-08,-,-,-,2182.56
NSE,NIFTY100_ESG,NIFTY100_ESG_2019-01-01_to_2019-12-31,2019-04-09,-,-,-,2193.95
NSE,NIFTY100_ESG,NIFTY100_ESG_2019-01-01_to_2019-12-31,2019-04-10,-,-,-,2179.98
NSE,NIFTY100_ESG,NIFTY100_ESG_2019-01-01_to_2019-12-31,2019-04-11,-,-,-,2182.22
NSE,NIFTY100_ESG,NIFTY100_ESG_2019-01-01_to_2019-12-31,2019-04-12,-,-,-,2185.83
NSE,NIFTY100_ESG,NIFTY100_ESG_2019-01-01_to_2019-12-31,2019-04-15,-,-,-,2196.06
NSE,NIFTY100_ESG,NIFTY100_ESG_2019-01-01_to_2019-12-31,2019-04-16,-,-,-,2211.17
NSE,NIFTY100_ESG,NIFTY100_ESG_2019-01-01_to_2019-12-31,2019-04-18,-,-,-,2207.96
NSE,NIFTY100_ESG,NIFTY100_ESG_2019-01-01_to_2019-12-31,2019-04-22,-,-,-,2175.44
NSE,NIFTY100_ESG,NIFTY100_ESG_2019-01-01_to_2019-12-31,2019-04-23,-,-,-,2172.33
NSE,NIFTY100_ESG,NIFTY100_ESG_2019-01-01_to_2019-12-31,2019-04-24,-,-,-,2198.54
NSE,NIFTY100_ESG,NIFTY100_ESG_2019-01-01_to_2019-12-31,2019-04-25,-,-,-,2183.27
NSE,NIFTY100_ESG,NIFTY100_ESG_2019-01-01_to_2019-12-31,2019-04-26,-,-,-,2203.54
NSE,NIFTY100_ESG,NIFTY100_ESG_2019-01-01_to_2019-12-31,2019-04-30,-,-,-,2195.49
NSE,NIFTY100_ESG,NIFTY100_ESG_2019-01-01_to_2019-12-31,2019-05-02,-,-,-,2188.89
NSE,NIFTY100_ESG,NIFTY100_ESG_2019-01-01_to_2019-12-31,2019-05-03,-,-,-,2184.63
NSE,NIFTY100_ESG,NIFTY100_ESG_2019-01-01_to_2019-12-31,2019-05-06,-,-,-,2157.45
NSE,NIFTY100_ESG,NIFTY100_ESG_2019-01-01_to_2019-12-31,2019-05-07,-,-,-,2141.13
NSE,NIFTY100_ESG,NIFTY100_ESG_2019-01-01_to_2019-12-31,2019-05-08,-,-,-,2113.7
NSE,NIFTY100_ESG,NIFTY100_ESG_2019-01-01_to_2019-12-31,2019-05-09,-,-,-,2103.87
NSE,NIFTY100_ESG,NIFTY100_ESG_2019-01-01_to_2019-12-31,2019-05-10,-,-,-,2098.73
NSE,NIFTY100_ESG,NIFTY100_ESG_2019-01-01_to_2019-12-31,2019-05-13,-,-,-,2075.54
NSE,NIFTY100_ESG,NIFTY100_ESG_2019-01-01_to_2019-12-31,2019-05-14,-,-,-,2085.17
NSE,NIFTY100_ESG,NIFTY100_ESG_2019-01-01_to_2019-12-31,2019-05-15,-,-,-,2070.08
NSE,NIFTY100_ESG,NIFTY100_ESG_2019-01-01_to_2019-12-31,2019-05-16,-,-,-,2086.16
NSE,NIFTY100_ESG,NIFTY100_ESG_2019-01-01_to_2019-12-31,2019-05-17,-,-,-,2109.76
NSE,NIFTY100_ESG,NIFTY100_ESG_2019-01-01_to_2019-12-31,2019-05-20,-,-,-,2186.4
NSE,NIFTY100_ESG,NIFTY100_ESG_2019-01-01_to_2019-12-31,2019-05-21,-,-,-,2164.7
NSE,NIFTY100_ESG,NIFTY100_ESG_2019-01-01_to_2019-12-31,2019-05-22,-,-,-,2169.98
NSE,NIFTY100_ESG,NIFTY100_ESG_2019-01-01_to_2019-12-31,2019-05-23,-,-,-,2160.91
NSE,NIFTY100_ESG,NIFTY100_ESG_2019-01-01_to_2019-12-31,2019-05-24,-,-,-,2196.39
NSE,NIFTY100_ESG,NIFTY100_ESG_2019-01-01_to_2019-12-31,2019-05-27,-,-,-,2213.78
NSE,NIFTY100_ESG,NIFTY100_ESG_2019-01-01_to_2019-12-31,2019-05-28,-,-,-,2216.51
NSE,NIFTY100_ESG,NIFTY100_ESG_2019-01-01_to_2019-12-31,2019-05-29,-,-,-,2205.96
NSE,NIFTY100_ESG,NIFTY100_ESG_2019-01-01_to_2019-12-31,2019-05-30,-,-,-,2220.17
NSE,NIFTY100_ESG,NIFTY100_ESG_2019-01-01_to_2019-12-31,2019-05-31,-,-,-,2221.38
NSE,NIFTY100_ESG,NIFTY100_ESG_2019-01-01_to_2019-12-31,2019-06-03,-,-,-,2253.95
NSE,NIFTY100_ESG,NIFTY100_ESG_2019-01-01_to_2019-12-31,2019-06-04,-,-,-,2239.85
NSE,NIFTY100_ESG,NIFTY100_ESG_2019-01-01_to_2019-12-31,2019-06-06,-,-,-,2204.63
NSE,NIFTY100_ESG,NIFTY100_ESG_2019-01-01_to_2019-12-31,2019-06-07,-,-,-,2208.58
NSE,NIFTY100_ESG,NIFTY100_ESG_2019-01-01_to_2019-12-31,2019-06-10,-,-,-,2218.55
NSE,NIFTY100_ESG,NIFTY100_ESG_2019-01-01_to_2019-12-31,2019-06-11,-,-,-,2226.32
NSE,NIFTY100_ESG,NIFTY100_ESG_2019-01-01_to_2019-12-31,2019-06-12,-,-,-,2213.92
NSE,NIFTY100_ESG,NIFTY100_ESG_2019-01-01_to_2019-12-31,2019-06-13,-,-,-,2212.91
NSE,NIFTY100_ESG,NIFTY100_ESG_2019-01-01_to_2019-12-31,2019-06-14,-,-,-,2193.28
NSE,NIFTY100_ESG,NIFTY100_ESG_2019-01-01_to_2019-12-31,2019-06-17,-,-,-,2163.16
NSE,NIFTY100_ESG,NIFTY100_ESG_2019-01-01_to_2019-12-31,2019-06-18,-,-,-,2165.29
NSE,NIFTY100_ESG,NIFTY100_ESG_2019-01-01_to_2019-12-31,2019-06-19,-,-,-,2161.49
NSE,NIFTY100_ESG,NIFTY100_ESG_2019-01-01_to_2019-12-31,2019-06-20,-,-,-,2189.8
NSE,NIFTY100_ESG,NIFTY100_ESG_2019-01-01_to_2019-12-31,2019-06-21,-,-,-,2170.79
NSE,NIFTY100_ESG,NIFTY100_ESG_2019-01-01_to_2019-12-31,2019-06-24,-,-,-,2165.88
NSE,NIFTY100_ESG,NIFTY100_ESG_2019-01-01_to_2019-12-31,2019-06-25,-,-,-,2183.67
NSE,NIFTY100_ESG,NIFTY100_ESG_2019-01-01_to_2019-12-31,2019-06-26,-,-,-,2193.32
NSE,NIFTY100_ESG,NIFTY100_ESG_2019-01-01_to_2019-12-31,2019-06-27,-,-,-,2194.33
NSE,NIFTY100_ESG,NIFTY100_ESG_2019-01-01_to_2019-12-31,2019-06-28,-,-,-,2183.77
NSE,NIFTY100_ESG,NIFTY100_ESG_2019-01-01_to_2019-12-31,2019-07-01,-,-,-,2199.39
NSE,NIFTY100_ESG,NIFTY100_ESG_2019-01-01_to_2019-12-31,2019-07-02,-,-,-,2206.78
NSE,NIFTY100_ESG,NIFTY100_ESG_2019-01-01_to_2019-12-31,2019-07-03,-,-,-,2208.21
NSE,NIFTY100_ESG,NIFTY100_ESG_2019-01-01_to_2019-12-31,2019-07-04,-,-,-,2213.05
NSE,NIFTY100_ESG,NIFTY100_ESG_2019-01-01_to_2019-12-31,2019-07-05,-,-,-,2185.43
NSE,NIFTY100_ESG,NIFTY100_ESG_2019-01-01_to_2019-12-31,2019-07-08,-,-,-,2142.64
NSE,NIFTY100_ESG,NIFTY100_ESG_2019-01-01_to_2019-12-31,2019-07-09,-,-,-,2144.67
NSE,NIFTY100_ESG,NIFTY100_ESG_2019-01-01_to_2019-12-31,2019-07-10,-,-,-,2131.47
NSE,NIFTY100_ESG,NIFTY100_ESG_2019-01-01_to_2019-12-31,2019-07-11,-,-,-,2145.32
NSE,NIFTY100_ESG,NIFTY100_ESG_2019-01-01_to_2019-12-31,2019-07-12,-,-,-,2140.29
NSE,NIFTY100_ESG,NIFTY100_ESG_2019-01-01_to_2019-12-31,2019-07-15,-,-,-,2150.32
NSE,NIFTY100_ESG,NIFTY100_ESG_2019-01-01_to_2019-12-31,2019-07-16,-,-,-,2165.68
NSE,NIFTY100_ESG,NIFTY100_ESG_2019-01-01_to_2019-12-31,2019-07-17,-,-,-,2169.78
NSE,NIFTY100_ESG,NIFTY100_ESG_2019-01-01_to_2019-12-31,2019-07-18,-,-,-,2152.09
NSE,NIFTY100_ESG,NIFTY100_ESG_2019-01-01_to_2019-12-31,2019-07-19,-,-,-,2117.73
NSE,NIFTY100_ESG,NIFTY100_ESG_2019-01-01_to_2019-12-31,2019-07-22,-,-,-,2107.0
NSE,NIFTY100_ESG,NIFTY100_ESG_2019-01-01_to_2019-12-31,2019-07-23,-,-,-,2101.8
NSE,NIFTY100_ESG,NIFTY100_ESG_2019-01-01_to_2019-12-31,2019-07-24,-,-,-,2088.14
NSE,NIFTY100_ESG,NIFTY100_ESG_2019-01-01_to_2019-12-31,2019-07-25,-,-,-,2087.72
NSE,NIFTY100_ESG,NIFTY100_ESG_2019-01-01_to_2019-12-31,2019-07-26,-,-,-,2095.15
NSE,NIFTY100_ESG,NIFTY100_ESG_2019-01-01_to_2019-12-31,2019-07-29,-,-,-,2076.56
NSE,NIFTY100_ESG,NIFTY100_ESG_2019-01-01_to_2019-12-31,2019-07-30,-,-,-,2055.58
NSE,NIFTY100_ESG,NIFTY100_ESG_2019-01-01_to_2019-12-31,2019-07-31,-,-,-,2059.41
NSE,NIFTY100_ESG,NIFTY100_ESG_2019-01-01_to_2019-12-31,2019-08-01,-,-,-,2033.83
NSE,NIFTY100_ESG,NIFTY100_ESG_2019-01-01_to_2019-12-31,2019-08-02,-,-,-,2043.05
NSE,NIFTY100_ESG,NIFTY100_ESG_2019-01-01_to_2019-12-31,2019-08-05,-,-,-,2021.21
NSE,NIFTY100_ESG,NIFTY100_ESG_2019-01-01_to_2019-12-31,2019-08-06,-,-,-,2037.93
NSE,NIFTY100_ESG,NIFTY100_ESG_2019-01-01_to_2019-12-31,2019-08-07,-,-,-,2022.44
NSE,NIFTY100_ESG,NIFTY100_ESG_2019-01-01_to_2019-12-31,2019-08-08,-,-,-,2054.05
NSE,NIFTY100_ESG,NIFTY100_ESG_2019-01-01_to_2019-12-31,2019-08-09,-,-,-,2067.65
NSE,NIFTY100_ESG,NIFTY100_ESG_2019-01-01_to_2019-12-31,2019-08-13,-,-,-,2037.11
NSE,NIFTY100_ESG,NIFTY100_ESG_2019-01-01_to_2019-12-31,2019-08-14,-,-,-,2057.37
NSE,NIFTY100_ESG,NIFTY100_ESG_2019-01-01_to_2019-12-31,2019-08-16,-,-,-,2058.03
NSE,NIFTY100_ESG,NIFTY100_ESG_2019-01-01_to_2019-12-31,2019-08-19,-,-,-,2061.43
NSE,NIFTY100_ESG,NIFTY100_ESG_2019-01-01_to_2019-12-31,2019-08-20,-,-,-,2055.25
NSE,NIFTY100_ESG,NIFTY100_ESG_2019-01-01_to_2019-12-31,2019-08-21,-,-,-,2037.28
NSE,NIFTY100_ESG,NIFTY100_ESG_2019-01-01_to_2019-12-31,2019-08-22,-,-,-,2007.71
NSE,NIFTY100_ESG,NIFTY100_ESG_2019-01-01_to_2019-12-31,2019-08-23,-,-,-,2025.08
NSE,NIFTY100_ESG,NIFTY100_ESG_2019-01-01_to_2019-12-31,2019-08-26,-,-,-,2064.28
NSE,NIFTY100_ESG,NIFTY100_ESG_2019-01-01_to_2019-12-31,2019-08-27,-,-,-,2070.74
NSE,NIFTY100_ESG,NIFTY100_ESG_2019-01-01_to_2019-12-31,2019-08-28,-,-,-,2061.1
NSE,NIFTY100_ESG,NIFTY100_ESG_2019-01-01_to_2019-12-31,2019-08-29,-,-,-,2043.59
NSE,NIFTY100_ESG,NIFTY100_ESG_2019-01-01_to_2019-12-31,2019-08-30,-,-,-,2060.16
NSE,NIFTY100_ESG,NIFTY100_ESG_2019-01-01_to_2019-12-31,2019-09-03,-,-,-,2017.6
NSE,NIFTY100_ESG,NIFTY100_ESG_2019-01-01_to_2019-12-31,2019-09-04,-,-,-,2023.41
NSE,NIFTY100_ESG,NIFTY100_ESG_2019-01-01_to_2019-12-31,2019-09-05,-,-,-,2023.84
NSE,NIFTY100_ESG,NIFTY100_ESG_2019-01-01_to_2019-12-31,2019-09-06,-,-,-,2042.19
NSE,NIFTY100_ESG,NIFTY100_ESG_2019-01-01_to_2019-12-31,2019-09-09,-,-,-,2051.78
NSE,NIFTY100_ESG,NIFTY100_ESG_2019-01-01_to_2019-12-31,2019-09-11,-,-,-,2061.01
NSE,NIFTY100_ESG,NIFTY100_ESG_2019-01-01_to_2019-12-31,2019-09-12,-,-,-,2050.13
NSE,NIFTY100_ESG,NIFTY100_ESG_2019-01-01_to_2019-12-31,2019-09-13,-,-,-,2066.87
NSE,NIFTY100_ESG,NIFTY100_ESG_2019-01-01_to_2019-12-31,2019-09-16,-,-,-,2054.87
NSE,NIFTY100_ESG,NIFTY100_ESG_2019-01-01_to_2019-12-31,2019-09-17,-,-,-,2019.77
NSE,NIFTY100_ESG,NIFTY100_ESG_2019-01-01_to_2019-12-31,2019-09-18,-,-,-,2025.67
NSE,NIFTY100_ESG,NIFTY100_ESG_2019-01-01_to_2019-12-31,2019-09-19,-,-,-,2000.86
NSE,NIFTY100_ESG,NIFTY100_ESG_2019-01-01_to_2019-12-31,2019-09-20,-,-,-,2108.71
NSE,NIFTY100_ESG,NIFTY100_ESG_2019-01-01_to_2019-12-31,2019-09-23,-,-,-,2157.17
NSE,NIFTY100_ESG,NIFTY100_ESG_2019-01-01_to_2019-12-31,2019-09-24,-,-,-,2156.34
NSE,NIFTY100_ESG,NIFTY100_ESG_2019-01-01_to_2019-12-31,2019-09-25,-,-,-,2131.88
NSE,NIFTY100_ESG,NIFTY100_ESG_2019-01-01_to_2019-12-31,2019-09-26,-,-,-,2152.32
NSE,NIFTY100_ESG,NIFTY100_ESG_2019-01-01_to_2019-12-31,2019-09-27,-,-,-,2142.76
NSE,NIFTY100_ESG,NIFTY100_ESG_2019-01-01_to_2019-12-31,2019-09-30,-,-,-,2131.97
NSE,NIFTY100_ESG,NIFTY100_ESG_2019-01-01_to_2019-12-31,2019-10-01,-,-,-,2111.17
NSE,NIFTY100_ESG,NIFTY100_ESG_2019-01-01_to_2019-12-31,2019-10-03,-,-,-,2098.9
NSE,NIFTY100_ESG,NIFTY100_ESG_2019-01-01_to_2019-12-31,2019-10-04,-,-,-,2074.79
NSE,NIFTY100_ESG,NIFTY100_ESG_2019-01-01_to_2019-12-31,2019-10-07,-,-,-,2064.42
NSE,NIFTY100_ESG,NIFTY100_ESG_2019-01-01_to_2019-12-31,2019-10-09,-,-,-,2099.86
NSE,NIFTY100_ESG,NIFTY100_ESG_2019-01-01_to_2019-12-31,2019-10-10,-,-,-,2088.71
NSE,NIFTY100_ESG,NIFTY100_ESG_2019-01-01_to_2019-12-31,2019-10-11,-,-,-,2099.64
NSE,NIFTY100_ESG,NIFTY100_ESG_2019-01-01_to_2019-12-31,2019-10-14,-,-,-,2108.01
NSE,NIFTY100_ESG,NIFTY100_ESG_2019-01-01_to_2019-12-31,2019-10-15,-,-,-,2121.11
NSE,NIFTY100_ESG,NIFTY100_ESG_2019-01-01_to_2019-12-31,2019-10-16,-,-,-,2131.12
NSE,NIFTY100_ESG,NIFTY100_ESG_2019-01-01_to_2019-12-31,2019-10-17,-,-,-,2155.48
NSE,NIFTY100_ESG,NIFTY100_ESG_2019-01-01_to_2019-12-31,2019-10-18,-,-,-,2170.09
NSE,NIFTY100_ESG,NIFTY100_ESG_2019-01-01_to_2019-12-31,2019-10-22,-,-,-,2153.66
NSE,NIFTY100_ESG,NIFTY100_ESG_2019-01-01_to_2019-12-31,2019-10-23,-,-,-,2154.37
NSE,NIFTY100_ESG,NIFTY100_ESG_2019-01-01_to_2019-12-31,2019-10-24,-,-,-,2153.97
NSE,NIFTY100_ESG,NIFTY100_ESG_2019-01-01_to_2019-12-31,2019-10-25,-,-,-,2149.24
NSE,NIFTY100_ESG,NIFTY100_ESG_2019-01-01_to_2019-12-31,2019-10-27,-,-,-,2159.09
NSE,NIFTY100_ESG,NIFTY100_ESG_2019-01-01_to_2019-12-31,2019-10-29,-,-,-,2190.97
NSE,NIFTY100_ESG,NIFTY100_ESG_2019-01-01_to_2019-12-31,2019-10-30,-,-,-,2202.24
NSE,NIFTY100_ESG,NIFTY100_ESG_2019-01-01_to_2019-12-31,2019-10-31,-,-,-,2208.74
NSE,NIFTY100_ESG,NIFTY100_ESG_2019-01-01_to_2019-12-31,2019-11-01,-,-,-,2209.0
NSE,NIFTY100_ESG,NIFTY100_ESG_2019-01-01_to_2019-12-31,2019-11-04,-,-,-,2217.47
NSE,NIFTY100_ESG,NIFTY100_ESG_2019-01-01_to_2019-12-31,2019-11-05,-,-,-,2209.99
NSE,NIFTY100_ESG,NIFTY100_ESG_2019-01-01_to_2019-12-31,2019-11-06,-,-,-,2219.23
NSE,NIFTY100_ESG,NIFTY100_ESG_2019-01-01_to_2019-12-31,2019-11-07,-,-,-,2228.35
NSE,NIFTY100_ESG,NIFTY100_ESG_2019-01-01_to_2019-12-31,2019-11-08,-,-,-,2209.49
NSE,NIFTY100_ESG,NIFTY100_ESG_2019-01-01_to_2019-12-31,2019-11-11,-,-,-,2210.53
NSE,NIFTY100_ESG,NIFTY100_ESG_2019-01-01_to_2019-12-31,2019-11-13,-,-,-,2199.2
NSE,NIFTY100_ESG,NIFTY100_ESG_2019-01-01_to_2019-12-31,2019-11-14,-,-,-,2201.43
NSE,NIFTY100_ESG,NIFTY100_ESG_2019-01-01_to_2019-12-31,2019-11-15,-,-,-,2207.95
NSE,NIFTY100_ESG,NIFTY100_ESG_2019-01-01_to_2019-12-31,2019-11-18,-,-,-,2206.19
NSE,NIFTY100_ESG,NIFTY100_ESG_2019-01-01_to_2019-12-31,2019-11-19,-,-,-,2218.08
NSE,NIFTY100_ESG,NIFTY100_ESG_2019-01-01_to_2019-12-31,2019-11-20,-,-,-,2230.68
NSE,NIFTY100_ESG,NIFTY100_ESG_2019-01-01_to_2019-12-31,2019-11-21,-,-,-,2224.96
NSE,NIFTY100_ESG,NIFTY100_ESG_2019-01-01_to_2019-12-31,2019-11-22,-,-,-,2211.39
NSE,NIFTY100_ESG,NIFTY100_ESG_2019-01-01_to_2019-12-31,2019-11-25,-,-,-,2244.42
NSE,NIFTY100_ESG,NIFTY100_ESG_2019-01-01_to_2019-12-31,2019-11-26,-,-,-,2234.55
NSE,NIFTY100_ESG,NIFTY100_ESG_2019-01-01_to_2019-12-31,2019-11-27,-,-,-,2247.98
NSE,NIFTY100_ESG,NIFTY100_ESG_2019-01-01_to_2019-12-31,2019-11-28,-,-,-,2257.51
NSE,NIFTY100_ESG,NIFTY100_ESG_2019-01-01_to_2019-12-31,2019-11-29,-,-,-,2238.21
NSE,NIFTY100_ESG,NIFTY100_ESG_2019-01-01_to_2019-12-31,2019-12-02,-,-,-,2241.54
NSE,NIFTY100_ESG,NIFTY100_ESG_2019-01-01_to_2019-12-31,2019-12-03,-,-,-,2229.7
NSE,NIFTY100_ESG,NIFTY100_ESG_2019-01-01_to_2019-12-31,2019-12-04,-,-,-,2237.41
NSE,NIFTY100_ESG,NIFTY100_ESG_2019-01-01_to_2019-12-31,2019-12-05,-,-,-,2230.3
NSE,NIFTY100_ESG,NIFTY100_ESG_2019-01-01_to_2019-12-31,2019-12-06,-,-,-,2213.66
NSE,NIFTY100_ESG,NIFTY100_ESG_2019-01-01_to_2019-12-31,2019-12-09,-,-,-,2217.21
NSE,NIFTY100_ESG,NIFTY100_ESG_2019-01-01_to_2019-12-31,2019-12-10,-,-,-,2201.23
NSE,NIFTY100_ESG,NIFTY100_ESG_2019-01-01_to_2019-12-31,2019-12-11,-,-,-,2208.97
NSE,NIFTY100_ESG,NIFTY100_ESG_2019-01-01_to_2019-12-31,2019-12-12,-,-,-,2220.28
NSE,NIFTY100_ESG,NIFTY100_ESG_2019-01-01_to_2019-12-31,2019-12-13,-,-,-,2241.81
NSE,NIFTY100_ESG,NIFTY100_ESG_2019-01-01_to_2019-12-31,2019-12-16,-,-,-,2237.14
NSE,NIFTY100_ESG,NIFTY100_ESG_2019-01-01_to_2019-12-31,2019-12-17,-,-,-,2256.43
NSE,NIFTY100_ESG,NIFTY100_ESG_2019-01-01_to_2019-12-31,2019-12-18,-,-,-,2267.22
NSE,NIFTY100_ESG,NIFTY100_ESG_2019-01-01_to_2019-12-31,2019-12-19,-,-,-,2277.22
NSE,NIFTY100_ESG,NIFTY100_ESG_2019-01-01_to_2019-12-31,2019-12-20,-,-,-,2279.73
NSE,NIFTY100_ESG,NIFTY100_ESG_2019-01-01_to_2019-12-31,2019-12-23,-,-,-,2279.49
NSE,NIFTY100_ESG,NIFTY100_ESG_2019-01-01_to_2019-12-31,2019-12-24,-,-,-,2270.3
NSE,NIFTY100_ESG,NIFTY100_ESG_2019-01-01_to_2019-12-31,2019-12-26,-,-,-,2253.7
NSE,NIFTY100_ESG,NIFTY100_ESG_2019-01-01_to_2019-12-31,2019-12-27,-,-,-,2274.83
NSE,NIFTY100_ESG,NIFTY100_ESG_2019-01-01_to_2019-12-31,2019-12-30,-,-,-,2277.44
NSE,NIFTY100_ESG,NIFTY100_ESG_2019-01-01_to_2019-12-31,2019-12-31,-,-,-,2259.34
NSE,NIFTY100_ESG,NIFTY100_ESG_2022-01-01_to_2022-12-31,2022-01-03,-,-,-,3630.93
NSE,NIFTY100_ESG,NIFTY100_ESG_2022-01-01_to_2022-12-31,2022-01-04,-,-,-,3653.67
NSE,NIFTY100_ESG,NIFTY100_ESG_2022-01-01_to_2022-12-31,2022-01-05,-,-,-,3666.39
NSE,NIFTY100_ESG,NIFTY100_ESG_2022-01-01_to_2022-12-31,2022-01-06,-,-,-,3639.36
NSE,NIFTY100_ESG,NIFTY100_ESG_2022-01-01_to_2022-12-31,2022-01-07,-,-,-,3650.38
NSE,NIFTY100_ESG,NIFTY100_ESG_2022-01-01_to_2022-12-31,2022-01-10,3667.10,3678.30,3655.20,3675.9
NSE,NIFTY100_ESG,NIFTY100_ESG_2022-01-01_to_2022-12-31,2022-01-11,3674.85,3691.45,3671.00,3688.8
NSE,NIFTY100_ESG,NIFTY100_ESG_2022-01-01_to_2022-12-31,2022-01-12,3711.10,3717.45,3699.10,3714.45
NSE,NIFTY100_ESG,NIFTY100_ESG_2022-01-01_to_2022-12-31,2022-01-13,3723.05,3723.60,3696.35,3718.3
NSE,NIFTY100_ESG,NIFTY100_ESG_2022-01-01_to_2022-12-31,2022-01-14,3704.35,3726.35,3688.40,3721.05
NSE,NIFTY100_ESG,NIFTY100_ESG_2022-01-01_to_2022-12-31,2022-01-17,3718.95,3740.50,3713.25,3738.85
NSE,NIFTY100_ESG,NIFTY100_ESG_2022-01-01_to_2022-12-31,2022-01-18,3748.50,3752.20,3681.90,3687.0
NSE,NIFTY100_ESG,NIFTY100_ESG_2022-01-01_to_2022-12-31,2022-01-19,3692.45,3692.45,3642.00,3654.2
NSE,NIFTY100_ESG,NIFTY100_ESG_2022-01-01_to_2022-12-31,2022-01-20,3655.25,3657.65,3603.85,3623.2
NSE,NIFTY100_ESG,NIFTY100_ESG_2022-01-01_to_2022-12-31,2022-01-21,3596.65,3601.80,3553.65,3581.15
NSE,NIFTY100_ESG,NIFTY100_ESG_2022-01-01_to_2022-12-31,2022-01-24,3574.60,3575.40,3436.30,3469.85
NSE,NIFTY100_ESG,NIFTY100_ESG_2022-01-01_to_2022-12-31,2022-01-25,3441.00,3498.80,3401.20,3493.3
NSE,NIFTY100_ESG,NIFTY100_ESG_2022-01-01_to_2022-12-31,2022-01-27,3457.40,3458.10,3403.20,3440.1
NSE,NIFTY100_ESG,NIFTY100_ESG_2022-01-01_to_2022-12-31,2022-01-28,3456.90,3506.70,3444.60,3449.45
NSE,NIFTY100_ESG,NIFTY100_ESG_2022-01-01_to_2022-12-31,2022-01-31,3494.00,3516.75,3490.10,3501.75
NSE,NIFTY100_ESG,NIFTY100_ESG_2022-01-01_to_2022-12-31,2022-02-01,3537.30,3558.40,3489.60,3551.75
NSE,NIFTY100_ESG,NIFTY100_ESG_2022-01-01_to_2022-12-31,2022-02-02,3571.30,3593.25,3563.80,3590.3
NSE,NIFTY100_ESG,NIFTY100_ESG_2022-01-01_to_2022-12-31,2022-02-03,3588.70,3591.35,3548.30,3556.2
NSE,NIFTY100_ESG,NIFTY100_ESG_2022-01-01_to_2022-12-31,2022-02-04,3563.20,3565.35,3535.65,3545.75
NSE,NIFTY100_ESG,NIFTY100_ESG_2022-01-01_to_2022-12-31,2022-02-07,3540.40,3556.70,3472.35,3492.6
NSE,NIFTY100_ESG,NIFTY100_ESG_2022-01-01_to_2022-12-31,2022-02-08,3503.70,3512.15,3458.75,3491.1
NSE,NIFTY100_ESG,NIFTY100_ESG_2022-01-01_to_2022-12-31,2022-02-09,3510.45,3533.45,3505.60,3530.6
NSE,NIFTY100_ESG,NIFTY100_ESG_2022-01-01_to_2022-12-31,2022-02-10,3546.85,3558.75,3519.70,3555.6
NSE,NIFTY100_ESG,NIFTY100_ESG_2022-01-01_to_2022-12-31,2022-02-11,3525.60,3526.20,3489.90,3498.55
NSE,NIFTY100_ESG,NIFTY100_ESG_2022-01-01_to_2022-12-31,2022-02-14,3434.85,3448.65,3392.60,3400.25
NSE,NIFTY100_ESG,NIFTY100_ESG_2022-01-01_to_2022-12-31,2022-02-15,3418.05,3502.15,3395.30,3497.85
NSE,NIFTY100_ESG,NIFTY100_ESG_2022-01-01_to_2022-12-31,2022-02-16,3512.35,3533.15,3489.80,3498.1
NSE,NIFTY100_ESG,NIFTY100_ESG_2022-01-01_to_2022-12-31,2022-02-17,3516.90,3526.40,3489.80,3500.75
NSE,NIFTY100_ESG,NIFTY100_ESG_2022-01-01_to_2022-12-31,2022-02-18,3484.50,3505.70,3478.70,3485.0
NSE,NIFTY100_ESG,NIFTY100_ESG_2022-01-01_to_2022-12-31,2022-02-21,3466.95,3489.30,3436.15,3459.65
NSE,NIFTY100_ESG,NIFTY100_ESG_2022-01-01_to_2022-12-31,2022-02-22,3382.25,3446.00,3382.25,3440.8
NSE,NIFTY100_ESG,NIFTY100_ESG_2022-01-01_to_2022-12-31,2022-02-23,3460.35,3470.15,3441.05,3447.25
NSE,NIFTY100_ESG,NIFTY100_ESG_2022-01-01_to_2022-12-31,2022-02-24,3340.25,3369.95,3266.80,3275.6
NSE,NIFTY100_ESG,NIFTY100_ESG_2022-01-01_to_2022-12-31,2022-02-25,3331.05,3383.05,3327.55,3369.25
NSE,NIFTY100_ESG,NIFTY100_ESG_2022-01-01_to_2022-12-31,2022-02-28,3338.95,3391.45,3305.70,3387.35
NSE,NIFTY100_ESG,NIFTY100_ESG_2022-01-01_to_2022-12-31,2022-03-02,3357.30,3374.25,3338.70,3358.55
NSE,NIFTY100_ESG,NIFTY100_ESG_2022-01-01_to_2022-12-31,2022-03-03,3390.40,3395.15,3332.70,3341.85
NSE,NIFTY100_ESG,NIFTY100_ESG_2022-01-01_to_2022-12-31,2022-03-04,3313.60,3325.55,3262.10,3282.2
NSE,NIFTY100_ESG,NIFTY100_ESG_2022-01-01_to_2022-12-31,2022-03-07,3214.20,3229.65,3180.20,3204.95
NSE,NIFTY100_ESG,NIFTY100_ESG_2022-01-01_to_2022-12-31,2022-03-08,3193.30,3254.95,3181.95,3250.95
NSE,NIFTY100_ESG,NIFTY100_ESG_2022-01-01_to_2022-12-31,2022-03-09,3271.15,3321.20,3253.95,3306.1
NSE,NIFTY100_ESG,NIFTY100_ESG_2022-01-01_to_2022-12-31,2022-03-10,3385.95,3386.00,3328.50,3353.05
NSE,NIFTY100_ESG,NIFTY100_ESG_2022-01-01_to_2022-12-31,2022-03-11,3341.00,3365.95,3329.05,3357.8
NSE,NIFTY100_ESG,NIFTY100_ESG_2022-01-01_to_2022-12-31,2022-03-14,3357.65,3387.90,3342.40,3384.8
NSE,NIFTY100_ESG,NIFTY100_ESG_2022-01-01_to_2022-12-31,2022-03-15,3392.25,3401.40,3331.15,3350.8
NSE,NIFTY100_ESG,NIFTY100_ESG_2022-01-01_to_2022-12-31,2022-03-16,3393.20,3420.75,3388.15,3418.75
NSE,NIFTY100_ESG,NIFTY100_ESG_2022-01-01_to_2022-12-31,2022-03-17,3461.25,3488.15,3457.65,3476.5
NSE,NIFTY100_ESG,NIFTY100_ESG_2022-01-01_to_2022-12-31,2022-03-21,3490.60,3493.90,3425.05,3428.75
NSE,NIFTY100_ESG,NIFTY100_ESG_2022-01-01_to_2022-12-31,2022-03-22,3431.75,3461.55,3395.80,3457.9
NSE,NIFTY100_ESG,NIFTY100_ESG_2022-01-01_to_2022-12-31,2022-03-23,3477.90,3482.30,3438.65,3449.25
NSE,NIFTY100_ESG,NIFTY100_ESG_2022-01-01_to_2022-12-31,2022-03-24,3426.20,3458.20,3425.15,3445.4
NSE,NIFTY100_ESG,NIFTY100_ESG_2022-01-01_to_2022-12-31,2022-03-25,3461.40,3462.15,3410.45,3428.65
NSE,NIFTY100_ESG,NIFTY100_ESG_2022-01-01_to_2022-12-31,2022-03-28,3436.25,3437.95,3391.50,3428.2
NSE,NIFTY100_ESG,NIFTY100_ESG_2022-01-01_to_2022-12-31,2022-03-29,3443.00,3454.00,3437.90,3450.45
NSE,NIFTY100_ESG,NIFTY100_ESG_2022-01-01_to_2022-12-31,2022-03-30,3480.20,3489.05,3468.60,3477.55
NSE,NIFTY100_ESG,NIFTY100_ESG_2022-01-01_to_2022-12-31,2022-03-31,3484.10,3495.10,3469.45,3476.75
NSE,NIFTY100_ESG,NIFTY100_ESG_2022-01-01_to_2022-12-31,2022-04-01,3473.10,3524.70,3467.85,3518.2
NSE,NIFTY100_ESG,NIFTY100_ESG_2022-01-01_to_2022-12-31,2022-04-04,3539.10,3587.35,3537.45,3585.0
NSE,NIFTY100_ESG,NIFTY100_ESG_2022-01-01_to_2022-12-31,2022-04-05,3596.65,3611.10,3581.25,3587.35
NSE,NIFTY100_ESG,NIFTY100_ESG_2022-01-01_to_2022-12-31,2022-04-06,3573.55,3581.35,3556.30,3564.85
NSE,NIFTY100_ESG,NIFTY100_ESG_2022-01-01_to_2022-12-31,2022-04-07,3557.35,3577.20,3541.95,3545.65
NSE,NIFTY100_ESG,NIFTY100_ESG_2022-01-01_to_2022-12-31,2022-04-08,3565.60,3588.40,3546.75,3577.95
NSE,NIFTY100_ESG,NIFTY100_ESG_2022-01-01_to_2022-12-31,2022-04-11,3578.15,3584.35,3564.20,3576.55
NSE,NIFTY100_ESG,NIFTY100_ESG_2022-01-01_to_2022-12-31,2022-04-12,3571.15,3573.25,3526.00,3544.6
NSE,NIFTY100_ESG,NIFTY100_ESG_2022-01-01_to_2022-12-31,2022-04-13,3560.60,3570.70,3533.65,3537.0
NSE,NIFTY100_ESG,NIFTY100_ESG_2022-01-01_to_2022-12-31,2022-04-18,3489.00,3492.25,3456.60,3485.15
NSE,NIFTY100_ESG,NIFTY100_ESG_2022-01-01_to_2022-12-31,2022-04-19,3508.85,3514.30,3396.75,3419.8
NSE,NIFTY100_ESG,NIFTY100_ESG_2022-01-01_to_2022-12-31,2022-04-20,3440.75,3463.30,3422.70,3452.5
NSE,NIFTY100_ESG,NIFTY100_ESG_2022-01-01_to_2022-12-31,2022-04-21,3471.75,3501.55,3464.00,3499.1
NSE,NIFTY100_ESG,NIFTY100_ESG_2022-01-01_to_2022-12-31,2022-04-22,3474.00,3486.85,3458.45,3463.3
NSE,NIFTY100_ESG,NIFTY100_ESG_2022-01-01_to_2022-12-31,2022-04-25,3426.90,3427.85,3402.65,3412.4
NSE,NIFTY100_ESG,NIFTY100_ESG_2022-01-01_to_2022-12-31,2022-04-26,3445.60,3479.25,3445.10,3475.6
NSE,NIFTY100_ESG,NIFTY100_ESG_2022-01-01_to_2022-12-31,2022-04-27,3451.55,3455.35,3422.45,3437.8
NSE,NIFTY100_ESG,NIFTY100_ESG_2022-01-01_to_2022-12-31,2022-04-28,3471.95,3488.65,3439.15,3477.95
NSE,NIFTY100_ESG,NIFTY100_ESG_2022-01-01_to_2022-12-31,2022-04-29,3491.15,3499.05,3428.90,3439.35
NSE,NIFTY100_ESG,NIFTY100_ESG_2022-01-01_to_2022-12-31,2022-05-02,3410.65,3424.05,3400.55,3421.05
NSE,NIFTY100_ESG,NIFTY100_ESG_2022-01-01_to_2022-12-31,2022-05-04,3423.45,3432.45,3323.30,3336.75
NSE,NIFTY100_ESG,NIFTY100_ESG_2022-01-01_to_2022-12-31,2022-05-05,3373.30,3388.90,3340.35,3350.1
NSE,NIFTY100_ESG,NIFTY100_ESG_2022-01-01_to_2022-12-31,2022-05-06,3292.70,3303.05,3272.70,3286.35
NSE,NIFTY100_ESG,NIFTY100_ESG_2022-01-01_to_2022-12-31,2022-05-09,3256.30,3284.80,3230.45,3264.9
NSE,NIFTY100_ESG,NIFTY100_ESG_2022-01-01_to_2022-12-31,2022-05-10,3258.75,3287.55,3231.00,3238.2
NSE,NIFTY100_ESG,NIFTY100_ESG_2022-01-01_to_2022-12-31,2022-05-11,3245.05,3264.80,3182.95,3227.65
NSE,NIFTY100_ESG,NIFTY100_ESG_2022-01-01_to_2022-12-31,2022-05-12,3205.50,3208.50,3144.00,3158.1
NSE,NIFTY100_ESG,NIFTY100_ESG_2022-01-01_to_2022-12-31,2022-05-13,3193.45,3217.85,3139.55,3149.9
NSE,NIFTY100_ESG,NIFTY100_ESG_2022-01-01_to_2022-12-31,2022-05-16,3168.90,3194.30,3146.95,3176.8
NSE,NIFTY100_ESG,NIFTY100_ESG_2022-01-01_to_2022-12-31,2022-05-17,3196.65,3249.95,3182.80,3245.5
NSE,NIFTY100_ESG,NIFTY100_ESG_2022-01-01_to_2022-12-31,2022-05-18,3259.25,3284.15,3240.75,3243.6
NSE,NIFTY100_ESG,NIFTY100_ESG_2022-01-01_to_2022-12-31,2022-05-19,3176.15,3189.45,3136.55,3143.75
NSE,NIFTY100_ESG,NIFTY100_ESG_2022-01-01_to_2022-12-31,2022-05-20,3194.45,3213.60,3186.50,3209.9
NSE,NIFTY100_ESG,NIFTY100_ESG_2022-01-01_to_2022-12-31,2022-05-23,3218.40,3241.55,3195.20,3200.25
NSE,NIFTY100_ESG,NIFTY100_ESG_2022-01-01_to_2022-12-31,2022-05-24,3206.55,3206.85,3161.90,3169.6
NSE,NIFTY100_ESG,NIFTY100_ESG_2022-01-01_to_2022-12-31,2022-05-25,3182.30,3184.85,3131.10,3136.7
NSE,NIFTY100_ESG,NIFTY100_ESG_2022-01-01_to_2022-12-31,2022-05-26,3153.35,3184.15,3109.45,3174.7
NSE,NIFTY100_ESG,NIFTY100_ESG_2022-01-01_to_2022-12-31,2022-05-27,3200.90,3213.85,3187.55,3211.3
NSE,NIFTY100_ESG,NIFTY100_ESG_2022-01-01_to_2022-12-31,2022-05-30,3243.55,3280.50,3241.75,3277.0
NSE,NIFTY100_ESG,NIFTY100_ESG_2022-01-01_to_2022-12-31,2022-05-31,3267.65,3285.15,3250.10,3263.95
NSE,NIFTY100_ESG,NIFTY100_ESG_2022-01-01_to_2022-12-31,2022-06-01,3266.95,3277.65,3221.50,3237.1
NSE,NIFTY100_ESG,NIFTY100_ESG_2022-01-01_to_2022-12-31,2022-06-02,3229.60,3249.55,3218.10,3247.1
NSE,NIFTY100_ESG,NIFTY100_ESG_2022-01-01_to_2022-12-31,2022-06-03,3273.60,3279.70,3217.05,3219.85
NSE,NIFTY100_ESG,NIFTY100_ESG_2022-01-01_to_2022-12-31,2022-06-06,3209.70,3221.95,3182.00,3213.15
NSE,NIFTY100_ESG,NIFTY100_ESG_2022-01-01_to_2022-12-31,2022-06-07,3192.30,3196.25,3168.90,3180.75
NSE,NIFTY100_ESG,NIFTY100_ESG_2022-01-01_to_2022-12-31,2022-06-08,3193.40,3201.35,3157.25,3179.1
NSE,NIFTY100_ESG,NIFTY100_ESG_2022-01-01_to_2022-12-31,2022-06-09,3163.15,3203.20,3151.65,3200.8
NSE,NIFTY100_ESG,NIFTY100_ESG_2022-01-01_to_2022-12-31,2022-06-10,3166.30,3172.95,3151.20,3156.7
NSE,NIFTY100_ESG,NIFTY100_ESG_2022-01-01_to_2022-12-31,2022-06-13,3097.80,3100.80,3069.15,3081.4
NSE,NIFTY100_ESG,NIFTY100_ESG_2022-01-01_to_2022-12-31,2022-06-14,3063.80,3104.85,3060.20,3076.15
NSE,NIFTY100_ESG,NIFTY100_ESG_2022-01-01_to_2022-12-31,2022-06-15,3084.30,3091.70,3072.95,3078.9
NSE,NIFTY100_ESG,NIFTY100_ESG_2022-01-01_to_2022-12-31,2022-06-16,3107.40,3108.95,3006.25,3014.7
NSE,NIFTY100_ESG,NIFTY100_ESG_2022-01-01_to_2022-12-31,2022-06-17,2995.90,3009.65,2962.75,2974.85
NSE,NIFTY100_ESG,NIFTY100_ESG_2022-01-01_to_2022-12-31,2022-06-20,2982.60,2996.70,2959.40,2989.8
NSE,NIFTY100_ESG,NIFTY100_ESG_2022-01-01_to_2022-12-31,2022-06-21,3011.70,3061.90,3006.75,3057.25
NSE,NIFTY100_ESG,NIFTY100_ESG_2022-01-01_to_2022-12-31,2022-06-22,3042.35,3044.80,3009.20,3015.6
NSE,NIFTY100_ESG,NIFTY100_ESG_2022-01-01_to_2022-12-31,2022-06-23,3025.40,3064.25,3019.60,3059.35
NSE,NIFTY100_ESG,NIFTY100_ESG_2022-01-01_to_2022-12-31,2022-06-24,3080.25,3094.40,3073.25,3088.85
NSE,NIFTY100_ESG,NIFTY100_ESG_2022-01-01_to_2022-12-31,2022-06-27,3130.60,3133.70,3111.85,3114.7
NSE,NIFTY100_ESG,NIFTY100_ESG_2022-01-01_to_2022-12-31,2022-06-28,3102.90,3119.20,3081.15,3113.6
NSE,NIFTY100_ESG,NIFTY100_ESG_2022-01-01_to_2022-12-31,2022-06-29,3083.20,3105.40,3079.55,3092.15
NSE,NIFTY100_ESG,NIFTY100_ESG_2022-01-01_to_2022-12-31,2022-06-30,3089.15,3106.80,3069.25,3077.7
NSE,NIFTY100_ESG,NIFTY100_ESG_2022-01-01_to_2022-12-31,2022-07-01,3064.85,3113.75,3052.00,3106.55
NSE,NIFTY100_ESG,NIFTY100_ESG_2022-01-01_to_2022-12-31,2022-07-04,3104.35,3125.05,3087.70,3122.05
NSE,NIFTY100_ESG,NIFTY100_ESG_2022-01-01_to_2022-12-31,2022-07-05,3136.75,3157.50,3111.40,3117.85
NSE,NIFTY100_ESG,NIFTY100_ESG_2022-01-01_to_2022-12-31,2022-07-06,3121.05,3174.25,3120.20,3169.65
NSE,NIFTY100_ESG,NIFTY100_ESG_2022-01-01_to_2022-12-31,2022-07-07,3196.65,3203.35,3182.70,3196.3
NSE,NIFTY100_ESG,NIFTY100_ESG_2022-01-01_to_2022-12-31,2022-07-08,3220.20,3220.45,3193.05,3208.35
NSE,NIFTY100_ESG,NIFTY100_ESG_2022-01-01_to_2022-12-31,2022-07-11,3191.50,3213.25,3182.30,3208.6
NSE,NIFTY100_ESG,NIFTY100_ESG_2022-01-01_to_2022-12-31,2022-07-12,3193.60,3203.25,3175.70,3182.3
NSE,NIFTY100_ESG,NIFTY100_ESG_2022-01-01_to_2022-12-31,2022-07-13,3197.80,3200.60,3166.50,3170.3
NSE,NIFTY100_ESG,NIFTY100_ESG_2022-01-01_to_2022-12-31,2022-07-14,3185.20,3186.40,3132.90,3155.3
NSE,NIFTY100_ESG,NIFTY100_ESG_2022-01-01_to_2022-12-31,2022-07-15,3167.10,3178.60,3155.30,3175.45
NSE,NIFTY100_ESG,NIFTY100_ESG_2022-01-01_to_2022-12-31,2022-07-18,3199.30,3227.65,3197.60,3225.3
NSE,NIFTY100_ESG,NIFTY100_ESG_2022-01-01_to_2022-12-31,2022-07-19,3210.50,3239.20,3210.25,3235.95
NSE,NIFTY100_ESG,NIFTY100_ESG_2022-01-01_to_2022-12-31,2022-07-20,3269.90,3276.80,3255.30,3261.15
NSE,NIFTY100_ESG,NIFTY100_ESG_2022-01-01_to_2022-12-31,2022-07-21,3262.25,3296.45,3250.85,3291.45
NSE,NIFTY100_ESG,NIFTY100_ESG_2022-01-01_to_2022-12-31,2022-07-22,3302.55,3307.05,3280.65,3297.1
NSE,NIFTY100_ESG,NIFTY100_ESG_2022-01-01_to_2022-12-31,2022-07-25,3292.45,3300.50,3275.70,3286.8
NSE,NIFTY100_ESG,NIFTY100_ESG_2022-01-01_to_2022-12-31,2022-07-26,3288.40,3288.75,3239.55,3243.7
NSE,NIFTY100_ESG,NIFTY100_ESG_2022-01-01_to_2022-12-31,2022-07-27,3242.75,3280.15,3233.75,3277.75
NSE,NIFTY100_ESG,NIFTY100_ESG_2022-01-01_to_2022-12-31,2022-07-28,3301.75,3348.35,3297.95,3344.1
NSE,NIFTY100_ESG,NIFTY100_ESG_2022-01-01_to_2022-12-31,2022-07-29,3375.15,3399.85,3370.45,3390.7
NSE,NIFTY100_ESG,NIFTY100_ESG_2022-01-01_to_2022-12-31,2022-08-01,3409.70,3422.85,3385.90,3420.75
NSE,NIFTY100_ESG,NIFTY100_ESG_2022-01-01_to_2022-12-31,2022-08-02,3416.20,3426.05,3394.95,3420.05
NSE,NIFTY100_ESG,NIFTY100_ESG_2022-01-01_to_2022-12-31,2022-08-03,3420.50,3427.80,3394.40,3424.15
NSE,NIFTY100_ESG,NIFTY100_ESG_2022-01-01_to_2022-12-31,2022-08-04,3442.65,3449.55,3387.65,3435.25
NSE,NIFTY100_ESG,NIFTY100_ESG_2022-01-01_to_2022-12-31,2022-08-05,3445.75,3456.30,3432.25,3436.7
NSE,NIFTY100_ESG,NIFTY100_ESG_2022-01-01_to_2022-12-31,2022-08-08,3441.00,3452.45,3430.25,3450.1
NSE,NIFTY100_ESG,NIFTY100_ESG_2022-01-01_to_2022-12-31,2022-08-10,3459.85,3459.85,3425.20,3442.05
NSE,NIFTY100_ESG,NIFTY100_ESG_2022-01-01_to_2022-12-31,2022-08-11,3476.20,3479.70,3466.00,3473.85
NSE,NIFTY100_ESG,NIFTY100_ESG_2022-01-01_to_2022-12-31,2022-08-12,3473.60,3474.30,3460.65,3466.85
NSE,NIFTY100_ESG,NIFTY100_ESG_2022-01-01_to_2022-12-31,2022-08-16,3485.85,3501.10,3480.10,3499.6
NSE,NIFTY100_ESG,NIFTY100_ESG_2022-01-01_to_2022-12-31,2022-08-17,3506.75,3539.00,3503.55,3534.9
NSE,NIFTY100_ESG,NIFTY100_ESG_2022-01-01_to_2022-12-31,2022-08-18,3529.65,3540.30,3520.35,3536.15
NSE,NIFTY100_ESG,NIFTY100_ESG_2022-01-01_to_2022-12-31,2022-08-19,3542.45,3550.95,3494.95,3502.45
NSE,NIFTY100_ESG,NIFTY100_ESG_2022-01-01_to_2022-12-31,2022-08-22,3488.10,3489.60,3439.35,3444.55
NSE,NIFTY100_ESG,NIFTY100_ESG_2022-01-01_to_2022-12-31,2022-08-23,3416.10,3459.90,3413.40,3451.25
NSE,NIFTY100_ESG,NIFTY100_ESG_2022-01-01_to_2022-12-31,2022-08-24,3445.90,3458.00,3429.55,3454.9
NSE,NIFTY100_ESG,NIFTY100_ESG_2022-01-01_to_2022-12-31,2022-08-25,3470.85,3479.55,3439.95,3445.5
NSE,NIFTY100_ESG,NIFTY100_ESG_2022-01-01_to_2022-12-31,2022-08-26,3467.95,3482.15,3449.00,3454.95
NSE,NIFTY100_ESG,NIFTY100_ESG_2022-01-01_to_2022-12-31,2022-08-29,3371.05,3413.95,3365.10,3405.1
NSE,NIFTY100_ESG,NIFTY100_ESG_2022-01-01_to_2022-12-31,2022-08-30,3428.30,3494.75,3426.40,3492.05
NSE,NIFTY100_ESG,NIFTY100_ESG_2022-01-01_to_2022-12-31,2022-09-01,3448.80,3486.75,3447.25,3469.45
NSE,NIFTY100_ESG,NIFTY100_ESG_2022-01-01_to_2022-12-31,2022-09-02,3486.15,3489.00,3457.50,3461.1
NSE,NIFTY100_ESG,NIFTY100_ESG_2022-01-01_to_2022-12-31,2022-09-05,3464.65,3474.55,3459.95,3468.2
NSE,NIFTY100_ESG,NIFTY100_ESG_2022-01-01_to_2022-12-31,2022-09-06,3477.25,3487.80,3453.10,3469.0
NSE,NIFTY100_ESG,NIFTY100_ESG_2022-01-01_to_2022-12-31,2022-09-07,3446.20,3474.95,3440.15,3472.2
NSE,NIFTY100_ESG,NIFTY100_ESG_2022-01-01_to_2022-12-31,2022-09-08,3497.60,3503.90,3482.55,3501.6
NSE,NIFTY100_ESG,NIFTY100_ESG_2022-01-01_to_2022-12-31,2022-09-09,3528.85,3528.85,3499.40,3512.0
NSE,NIFTY100_ESG,NIFTY100_ESG_2022-01-01_to_2022-12-31,2022-09-12,3526.00,3550.55,3525.15,3544.7
NSE,NIFTY100_ESG,NIFTY100_ESG_2022-01-01_to_2022-12-31,2022-09-13,3566.35,3570.20,3559.90,3565.4
NSE,NIFTY100_ESG,NIFTY100_ESG_2022-01-01_to_2022-12-31,2022-09-14,3499.65,3561.30,3499.65,3548.8
NSE,NIFTY100_ESG,NIFTY100_ESG_2022-01-01_to_2022-12-31,2022-09-15,3562.65,3567.65,3520.05,3524.75
NSE,NIFTY100_ESG,NIFTY100_ESG_2022-01-01_to_2022-12-31,2022-09-16,3513.40,3516.20,3430.10,3436.25
NSE,NIFTY100_ESG,NIFTY100_ESG_2022-01-01_to_2022-12-31,2022-09-19,3445.25,3468.25,3411.95,3456.95
NSE,NIFTY100_ESG,NIFTY100_ESG_2022-01-01_to_2022-12-31,2022-09-20,3485.80,3521.25,3482.35,3501.35
NSE,NIFTY100_ESG,NIFTY100_ESG_2022-01-01_to_2022-12-31,2022-09-21,3496.45,3509.95,3466.25,3471.2
NSE,NIFTY100_ESG,NIFTY100_ESG_2022-01-01_to_2022-12-31,2022-09-22,3453.65,3476.80,3439.30,3464.45
NSE,NIFTY100_ESG,NIFTY100_ESG_2022-01-01_to_2022-12-31,2022-09-23,3461.35,3470.90,3403.30,3408.75
NSE,NIFTY100_ESG,NIFTY100_ESG_2022-01-01_to_2022-12-31,2022-09-26,3382.40,3384.15,3330.90,3351.3
NSE,NIFTY100_ESG,NIFTY100_ESG_2022-01-01_to_2022-12-31,2022-09-27,3369.35,3384.65,3332.90,3354.7
NSE,NIFTY100_ESG,NIFTY100_ESG_2022-01-01_to_2022-12-31,2022-09-28,3330.95,3371.60,3322.60,3341.0
NSE,NIFTY100_ESG,NIFTY100_ESG_2022-01-01_to_2022-12-31,2022-09-29,3367.10,3374.95,3320.25,3327.0
NSE,NIFTY100_ESG,NIFTY100_ESG_2022-01-01_to_2022-12-31,2022-09-30,3323.45,3387.65,3302.75,3375.6
NSE,NIFTY100_ESG,NIFTY100_ESG_2022-01-01_to_2022-12-31,2022-10-03,3377.95,3378.55,3319.50,3329.05
NSE,NIFTY100_ESG,NIFTY100_ESG_2022-01-01_to_2022-12-31,2022-10-04,3383.75,3406.75,3378.40,3403.8
NSE,NIFTY100_ESG,NIFTY100_ESG_2022-01-01_to_2022-12-31,2022-10-06,3424.95,3435.30,3409.15,3413.5
NSE,NIFTY100_ESG,NIFTY100_ESG_2022-01-01_to_2022-12-31,2022-10-07,3412.65,3421.00,3392.95,3409.4
NSE,NIFTY100_ESG,NIFTY100_ESG_2022-01-01_to_2022-12-31,2022-10-10,3366.50,3401.20,3356.05,3397.15
NSE,NIFTY100_ESG,NIFTY100_ESG_2022-01-01_to_2022-12-31,2022-10-11,3405.60,3405.60,3330.50,3336.8
NSE,NIFTY100_ESG,NIFTY100_ESG_2022-01-01_to_2022-12-31,2022-10-12,3347.70,3369.15,3331.40,3364.85
NSE,NIFTY100_ESG,NIFTY100_ESG_2022-01-01_to_2022-12-31,2022-10-13,3360.15,3365.70,3330.45,3340.8
NSE,NIFTY100_ESG,NIFTY100_ESG_2022-01-01_to_2022-12-31,2022-10-14,3400.20,3400.60,3358.25,3360.95
NSE,NIFTY100_ESG,NIFTY100_ESG_2022-01-01_to_2022-12-31,2022-10-17,3355.15,3384.25,3346.45,3380.55
NSE,NIFTY100_ESG,NIFTY100_ESG_2022-01-01_to_2022-12-31,2022-10-18,3404.15,3415.10,3399.75,3410.15
NSE,NIFTY100_ESG,NIFTY100_ESG_2022-01-01_to_2022-12-31,2022-10-19,3424.95,3428.85,3401.20,3407.95
NSE,NIFTY100_ESG,NIFTY100_ESG_2022-01-01_to_2022-12-31,2022-10-20,3390.80,3430.45,3386.60,3426.5
NSE,NIFTY100_ESG,NIFTY100_ESG_2022-01-01_to_2022-12-31,2022-10-21,3436.40,3439.15,3405.70,3417.65
NSE,NIFTY100_ESG,NIFTY100_ESG_2022-01-01_to_2022-12-31,2022-10-24,3452.50,3453.55,3434.15,3438.7
NSE,NIFTY100_ESG,NIFTY100_ESG_2022-01-01_to_2022-12-31,2022-10-25,3449.35,3450.10,3424.55,3427.05
NSE,NIFTY100_ESG,NIFTY100_ESG_2022-01-01_to_2022-12-31,2022-10-27,3449.85,3452.45,3428.95,3445.55
NSE,NIFTY100_ESG,NIFTY100_ESG_2022-01-01_to_2022-12-31,2022-10-28,3449.95,3452.35,3432.30,3443.25
NSE,NIFTY100_ESG,NIFTY100_ESG_2022-01-01_to_2022-12-31,2022-10-31,3465.65,3488.60,3464.00,3486.2
NSE,NIFTY100_ESG,NIFTY100_ESG_2022-01-01_to_2022-12-31,2022-11-01,3502.35,3523.25,3497.90,3521.35
NSE,NIFTY100_ESG,NIFTY100_ESG_2022-01-01_to_2022-12-31,2022-11-02,3524.45,3524.65,3497.40,3503.75
NSE,NIFTY100_ESG,NIFTY100_ESG_2022-01-01_to_2022-12-31,2022-11-03,3482.45,3503.70,3478.35,3493.8
NSE,NIFTY100_ESG,NIFTY100_ESG_2022-01-01_to_2022-12-31,2022-11-04,3494.40,3499.40,3476.05,3494.45
NSE,NIFTY100_ESG,NIFTY100_ESG_2022-01-01_to_2022-12-31,2022-11-07,3510.25,3518.60,3480.60,3504.45
NSE,NIFTY100_ESG,NIFTY100_ESG_2022-01-01_to_2022-12-31,2022-11-09,3521.00,3521.25,3479.70,3488.7
NSE,NIFTY100_ESG,NIFTY100_ESG_2022-01-01_to_2022-12-31,2022-11-10,3470.80,3480.45,3445.55,3458.05
NSE,NIFTY100_ESG,NIFTY100_ESG_2022-01-01_to_2022-12-31,2022-11-11,3504.95,3522.40,3504.55,3512.2
NSE,NIFTY100_ESG,NIFTY100_ESG_2022-01-01_to_2022-12-31,2022-11-14,3520.45,3526.40,3514.00,3521.3
NSE,NIFTY100_ESG,NIFTY100_ESG_2022-01-01_to_2022-12-31,2022-11-15,3525.60,3537.00,3512.35,3533.05
NSE,NIFTY100_ESG,NIFTY100_ESG_2022-01-01_to_2022-12-31,2022-11-16,3532.55,3536.70,3512.20,3525.2
NSE,NIFTY100_ESG,NIFTY100_ESG_2022-01-01_to_2022-12-31,2022-11-17,3517.75,3521.30,3496.35,3501.6
NSE,NIFTY100_ESG,NIFTY100_ESG_2022-01-01_to_2022-12-31,2022-11-18,3509.70,3511.15,3473.35,3491.15
NSE,NIFTY100_ESG,NIFTY100_ESG_2022-01-01_to_2022-12-31,2022-11-21,3482.05,3484.95,3459.00,3462.6
NSE,NIFTY100_ESG,NIFTY100_ESG_2022-01-01_to_2022-12-31,2022-11-22,3465.80,3479.00,3457.05,3476.3
NSE,NIFTY100_ESG,NIFTY100_ESG_2022-01-01_to_2022-12-31,2022-11-23,3490.60,3491.80,3477.45,3481.15
NSE,NIFTY100_ESG,NIFTY100_ESG_2022-01-01_to_2022-12-31,2022-11-24,3494.15,3526.95,3489.00,3521.25
NSE,NIFTY100_ESG,NIFTY100_ESG_2022-01-01_to_2022-12-31,2022-11-25,3529.95,3532.25,3509.10,3529.15
NSE,NIFTY100_ESG,NIFTY100_ESG_2022-01-01_to_2022-12-31,2022-11-28,3519.70,3543.60,3518.20,3533.15
NSE,NIFTY100_ESG,NIFTY100_ESG_2022-01-01_to_2022-12-31,2022-11-29,3533.50,3555.45,3532.20,3543.0
NSE,NIFTY100_ESG,NIFTY100_ESG_2022-01-01_to_2022-12-31,2022-11-30,3546.30,3591.70,3543.90,3579.15
NSE,NIFTY100_ESG,NIFTY100_ESG_2022-01-01_to_2022-12-31,2022-12-01,3601.35,3604.00,3590.90,3599.45
NSE,NIFTY100_ESG,NIFTY100_ESG_2022-01-01_to_2022-12-31,2022-12-02,3593.45,3595.85,3567.80,3580.95
NSE,NIFTY100_ESG,NIFTY100_ESG_2022-01-01_to_2022-12-31,2022-12-05,3585.90,3587.75,3558.45,3576.65
NSE,NIFTY100_ESG,NIFTY100_ESG_2022-01-01_to_2022-12-31,2022-12-06,3562.30,3565.10,3551.40,3562.3
NSE,NIFTY100_ESG,NIFTY100_ESG_2022-01-01_to_2022-12-31,2022-12-07,3562.50,3565.95,3539.00,3545.3
NSE,NIFTY100_ESG,NIFTY100_ESG_2022-01-01_to_2022-12-31,2022-12-08,3547.60,3554.40,3541.10,3548.5
NSE,NIFTY100_ESG,NIFTY100_ESG_2022-01-01_to_2022-12-31,2022-12-09,3559.75,3559.85,3499.65,3518.2
NSE,NIFTY100_ESG,NIFTY100_ESG_2022-01-01_to_2022-12-31,2022-12-12,3504.50,3516.65,3483.20,3512.8
NSE,NIFTY100_ESG,NIFTY100_ESG_2022-01-01_to_2022-12-31,2022-12-13,3520.45,3532.25,3514.70,3529.45
NSE,NIFTY100_ESG,NIFTY100_ESG_2022-01-01_to_2022-12-31,2022-12-14,3541.30,3551.95,3539.70,3549.1
NSE,NIFTY100_ESG,NIFTY100_ESG_2022-01-01_to_2022-12-31,2022-12-15,3543.60,3549.50,3502.20,3508.0
NSE,NIFTY100_ESG,NIFTY100_ESG_2022-01-01_to_2022-12-31,2022-12-16,3488.55,3504.40,3470.95,3473.35
NSE,NIFTY100_ESG,NIFTY100_ESG_2022-01-01_to_2022-12-31,2022-12-19,3472.90,3504.30,3464.75,3502.1
NSE,NIFTY100_ESG,NIFTY100_ESG_2022-01-01_to_2022-12-31,2022-12-20,3491.05,3494.15,3460.45,3491.15
NSE,NIFTY100_ESG,NIFTY100_ESG_2022-01-01_to_2022-12-31,2022-12-21,3502.60,3513.55,3461.40,3467.9
NSE,NIFTY100_ESG,NIFTY100_ESG_2022-01-01_to_2022-12-31,2022-12-22,3482.50,3492.35,3439.40,3454.0
NSE,NIFTY100_ESG,NIFTY100_ESG_2022-01-01_to_2022-12-31,2022-12-23,3427.20,3436.15,3374.65,3380.8
NSE,NIFTY100_ESG,NIFTY100_ESG_2022-01-01_to_2022-12-31,2022-12-26,3384.20,3430.85,3371.15,3419.5
NSE,NIFTY100_ESG,NIFTY100_ESG_2022-01-01_to_2022-12-31,2022-12-27,3434.90,3446.45,3418.35,3443.8
NSE,NIFTY100_ESG,NIFTY100_ESG_2022-01-01_to_2022-12-31,2022-12-28,3436.80,3451.95,3431.30,3441.95
NSE,NIFTY100_ESG,NIFTY100_ESG_2022-01-01_to_2022-12-31,2022-12-29,3427.55,3456.30,3412.20,3448.75
NSE,NIFTY100_ESG,NIFTY100_ESG_2022-01-01_to_2022-12-31,2022-12-30,3467.55,3471.55,3433.10,3438.3
NSE,NIFTY100_ESG,NIFTY100_ESG_2026-01-01_to_2026-04-05,2026-01-01,5191.55,5212.0,5185.35,5209.0
NSE,NIFTY100_ESG,NIFTY100_ESG_2026-01-01_to_2026-04-05,2026-01-02,5214.15,5255.6,5209.15,5253.6
NSE,NIFTY100_ESG,NIFTY100_ESG_2026-01-01_to_2026-04-05,2026-01-05,5253.35,5258.55,5230.9,5242.55
NSE,NIFTY100_ESG,NIFTY100_ESG_2026-01-01_to_2026-04-05,2026-01-06,5240.25,5264.9,5237.2,5256.9
NSE,NIFTY100_ESG,NIFTY100_ESG_2026-01-01_to_2026-04-05,2026-01-07,5255.0,5269.85,5244.3,5260.75
NSE,NIFTY100_ESG,NIFTY100_ESG_2026-01-01_to_2026-04-05,2026-01-08,5256.85,5258.7,5186.6,5192.7
NSE,NIFTY100_ESG,NIFTY100_ESG_2026-01-01_to_2026-04-05,2026-01-09,5185.4,5209.8,5133.05,5147.65
NSE,NIFTY100_ESG,NIFTY100_ESG_2026-01-01_to_2026-04-05,2026-01-12,5145.3,5171.6,5098.3,5166.75
NSE,NIFTY100_ESG,NIFTY100_ESG_2026-01-01_to_2026-04-05,2026-01-13,5187.15,5195.2,5136.8,5168.9
NSE,NIFTY100_ESG,NIFTY100_ESG_2026-01-01_to_2026-04-05,2026-01-14,5154.25,5179.9,5148.55,5160.2
NSE,NIFTY100_ESG,NIFTY100_ESG_2026-01-01_to_2026-04-05,2026-01-16,5165.8,5208.5,5164.95,5173.5
NSE,NIFTY100_ESG,NIFTY100_ESG_2026-01-01_to_2026-04-05,2026-01-19,5166.3,5173.5,5148.95,5160.7
NSE,NIFTY100_ESG,NIFTY100_ESG_2026-01-01_to_2026-04-05,2026-01-20,5158.25,5158.7,5051.7,5065.1
NSE,NIFTY100_ESG,NIFTY100_ESG_2026-01-01_to_2026-04-05,2026-01-21,5046.25,5080.8,4999.6,5053.7
NSE,NIFTY100_ESG,NIFTY100_ESG_2026-01-01_to_2026-04-05,2026-01-22,5094.45,5118.4,5062.05,5086.0
NSE,NIFTY100_ESG,NIFTY100_ESG_2026-01-01_to_2026-04-05,2026-01-23,5100.1,5100.1,5008.6,5014.7
NSE,NIFTY100_ESG,NIFTY100_ESG_2026-01-01_to_2026-04-05,2026-01-27,5029.5,5049.75,4987.4,5036.2
NSE,NIFTY100_ESG,NIFTY100_ESG_2026-01-01_to_2026-04-05,2026-01-28,5049.55,5088.2,5035.25,5083.8
NSE,NIFTY100_ESG,NIFTY100_ESG_2026-01-01_to_2026-04-05,2026-01-29,5079.8,5097.4,5039.05,5093.8
NSE,NIFTY100_ESG,NIFTY100_ESG_2026-01-01_to_2026-04-05,2026-01-30,5061.25,5080.8,5044.0,5070.75
NSE,NIFTY100_ESG,NIFTY100_ESG_2026-01-01_to_2026-04-05,2026-02-01,5064.35,5082.15,4918.95,4985.45
NSE,NIFTY100_ESG,NIFTY100_ESG_2026-01-01_to_2026-04-05,2026-02-02,4982.2,5030.6,4941.6,5024.6
NSE,NIFTY100_ESG,NIFTY100_ESG_2026-01-01_to_2026-04-05,2026-02-03,5252.9,5259.25,5138.7,5154.6
NSE,NIFTY100_ESG,NIFTY100_ESG_2026-01-01_to_2026-04-05,2026-02-04,5135.5,5163.6,5095.6,5157.05
NSE,NIFTY100_ESG,NIFTY100_ESG_2026-01-01_to_2026-04-05,2026-02-05,5150.3,5156.8,5122.3,5137.55
NSE,NIFTY100_ESG,NIFTY100_ESG_2026-01-01_to_2026-04-05,2026-02-06,5131.5,5142.05,5090.75,5138.95
NSE,NIFTY100_ESG,NIFTY100_ESG_2026-01-01_to_2026-04-05,2026-02-09,5175.0,5179.75,5149.7,5174.25
NSE,NIFTY100_ESG,NIFTY100_ESG_2026-01-01_to_2026-04-05,2026-02-10,5187.25,5201.95,5171.55,5190.1
NSE,NIFTY100_ESG,NIFTY100_ESG_2026-01-01_to_2026-04-05,2026-02-11,5205.2,5208.05,5188.75,5199.3
NSE,NIFTY100_ESG,NIFTY100_ESG_2026-01-01_to_2026-04-05,2026-02-12,5185.1,5185.65,5146.1,5158.95
NSE,NIFTY100_ESG,NIFTY100_ESG_2026-01-01_to_2026-04-05,2026-02-13,5103.55,5114.0,5072.4,5090.35
NSE,NIFTY100_ESG,NIFTY100_ESG_2026-01-01_to_2026-04-05,2026-02-16,5076.7,5130.6,5067.55,5127.05
NSE,NIFTY100_ESG,NIFTY100_ESG_2026-01-01_to_2026-04-05,2026-02-17,5117.85,5149.4,5108.45,5139.6
NSE,NIFTY100_ESG,NIFTY100_ESG_2026-01-01_to_2026-04-05,2026-02-18,5146.2,5155.85,5116.25,5153.65
NSE,NIFTY100_ESG,NIFTY100_ESG_2026-01-01_to_2026-04-05,2026-02-19,5162.5,5167.35,5061.1,5074.6
NSE,NIFTY100_ESG,NIFTY100_ESG_2026-01-01_to_2026-04-05,2026-02-20,5064.95,5114.05,5053.85,5095.25
NSE,NIFTY100_ESG,NIFTY100_ESG_2026-01-01_to_2026-04-05,2026-02-23,5117.9,5134.6,5097.6,5116.9
NSE,NIFTY100_ESG,NIFTY100_ESG_2026-01-01_to_2026-04-05,2026-02-24,5095.55,5095.7,5036.6,5064.7
NSE,NIFTY100_ESG,NIFTY100_ESG_2026-01-01_to_2026-04-05,2026-02-25,5085.3,5114.35,5074.55,5092.75
NSE,NIFTY100_ESG,NIFTY100_ESG_2026-01-01_to_2026-04-05,2026-02-26,5107.5,5113.3,5073.5,5096.3
NSE,NIFTY100_ESG,NIFTY100_ESG_2026-01-01_to_2026-04-05,2026-02-27,5096.25,5099.25,5026.95,5033.7
NSE,NIFTY100_ESG,NIFTY100_ESG_2026-01-01_to_2026-04-05,2026-03-02,4914.35,4995.85,4909.25,4965.35
NSE,NIFTY100_ESG,NIFTY100_ESG_2026-01-01_to_2026-04-05,2026-03-04,4879.5,4895.6,4846.6,4872.9
NSE,NIFTY100_ESG,NIFTY100_ESG_2026-01-01_to_2026-04-05,2026-03-05,4900.45,4933.85,4866.5,4919.8
NSE,NIFTY100_ESG,NIFTY100_ESG_2026-01-01_to_2026-04-05,2026-03-06,4900.6,4918.85,4855.9,4861.75
NSE,NIFTY100_ESG,NIFTY100_ESG_2026-01-01_to_2026-04-05,2026-03-09,4752.05,4780.1,4701.75,4772.6
NSE,NIFTY100_ESG,NIFTY100_ESG_2026-01-01_to_2026-04-05,2026-03-10,4824.55,4842.5,4789.35,4833.55
NSE,NIFTY100_ESG,NIFTY100_ESG_2026-01-01_to_2026-04-05,2026-03-11,4830.2,4845.05,4746.85,4753.45
NSE,NIFTY100_ESG,NIFTY100_ESG_2026-01-01_to_2026-04-05,2026-03-12,4718.15,4751.6,4681.2,4719.9
NSE,NIFTY100_ESG,NIFTY100_ESG_2026-01-01_to_2026-04-05,2026-03-13,4688.7,4699.0,4612.8,4623.5
NSE,NIFTY100_ESG,NIFTY100_ESG_2026-01-01_to_2026-04-05,2026-03-16,4614.65,4674.2,4566.0,4652.65
NSE,NIFTY100_ESG,NIFTY100_ESG_2026-01-01_to_2026-04-05,2026-03-17,4667.7,4703.85,4637.3,4689.45
NSE,NIFTY100_ESG,NIFTY100_ESG_2026-01-01_to_2026-04-05,2026-03-18,4701.9,4763.4,4701.8,4747.95
NSE,NIFTY100_ESG,NIFTY100_ESG_2026-01-01_to_2026-04-05,2026-03-19,4656.95,4677.8,4573.95,4590.15
NSE,NIFTY100_ESG,NIFTY100_ESG_2026-01-01_to_2026-04-05,2026-03-20,4618.05,4663.4,4603.65,4614.45
NSE,NIFTY100_ESG,NIFTY100_ESG_2026-01-01_to_2026-04-05,2026-03-23,4560.45,4561.8,4472.75,4483.25
NSE,NIFTY100_ESG,NIFTY100_ESG_2026-01-01_to_2026-04-05,2026-03-24,4561.15,4595.1,4498.35,4562.75
NSE,NIFTY100_ESG,NIFTY100_ESG_2026-01-01_to_2026-04-05,2026-03-25,4596.0,4675.85,4596.0,4645.3
NSE,NIFTY100_ESG,NIFTY100_ESG_2026-01-01_to_2026-04-05,2026-03-27,4620.2,4621.2,4549.4,4553.25
NSE,NIFTY100_ESG,NIFTY100_ESG_2026-01-01_to_2026-04-05,2026-03-30,4494.7,4521.25,4434.45,4444.8
NSE,NIFTY100_ESG,NIFTY100_ESG_2026-01-01_to_2026-04-05,2026-04-01,4563.75,4576.8,4509.5,4525.25
NSE,NIFTY100_ESG,NIFTY100_ESG_2026-01-01_to_2026-04-05,2026-04-02,4469.0,4553.85,4421.6,4542.6
